,Ua,Cm,Ca,Hm,air_temp,mass_temp,OD_temp,HVAC_power,hour,date,hvac_average_power
1530901,1,1,1,1,0,0,7,15000,46800.0,79,866.6666666666666
1530902,1,1,1,1,0,0,7,15000,46800.0,171,853.3333333333334
1530903,1,1,1,1,0,0,7,15000,46800.0,263,0.0
1530904,1,1,1,1,0,0,7,15000,46800.0,354,146.66666666666666
1530905,1,1,1,1,0,0,7,15000,46800.0,364,0.0
1530906,1,1,1,1,0,0,7,15000,57600.0,0,0.0
1530907,1,1,1,1,0,0,7,15000,57600.0,79,0.0
1530908,1,1,1,1,0,0,7,15000,57600.0,171,0.0
1530909,1,1,1,1,0,0,7,15000,57600.0,263,0.0
1530910,1,1,1,1,0,0,7,15000,57600.0,354,866.6666666666666
1530911,1,1,1,1,0,0,7,15000,57600.0,364,0.0
1530912,1,1,1,1,0,0,7,15000,61200.0,0,853.3333333333334
1530913,1,1,1,1,0,0,7,15000,61200.0,79,853.3333333333334
1530914,1,1,1,1,0,0,7,15000,61200.0,171,853.3333333333334
1530915,1,1,1,1,0,0,7,15000,61200.0,263,0.0
1530916,1,1,1,1,0,0,7,15000,61200.0,354,853.3333333333334
1530917,1,1,1,1,0,0,7,15000,61200.0,364,853.3333333333334
1530918,1,1,1,1,0,0,7,15000,63000.0,0,0.0
1530919,1,1,1,1,0,0,7,15000,63000.0,79,0.0
1530920,1,1,1,1,0,0,7,15000,63000.0,171,853.3333333333334
1530921,1,1,1,1,0,0,7,15000,63000.0,263,853.3333333333334
1530922,1,1,1,1,0,0,7,15000,63000.0,354,0.0
1530923,1,1,1,1,0,0,7,15000,63000.0,364,0.0
1530924,1,1,1,1,0,0,7,15000,75600.0,0,840.0
1530925,1,1,1,1,0,0,7,15000,75600.0,79,0.0
1530926,1,1,1,1,0,0,7,15000,75600.0,171,0.0
1530927,1,1,1,1,0,0,7,15000,75600.0,263,0.0
1530928,1,1,1,1,0,0,7,15000,75600.0,354,840.0
1530929,1,1,1,1,0,0,7,15000,75600.0,364,0.0
1530930,1,1,1,1,0,0,7,15000,86399.0,0,0.0
1530931,1,1,1,1,0,0,7,15000,86399.0,79,853.3333333333334
1530932,1,1,1,1,0,0,7,15000,86399.0,171,0.0
1530933,1,1,1,1,0,0,7,15000,86399.0,263,0.0
1530934,1,1,1,1,0,0,7,15000,86399.0,354,853.3333333333334
1530935,1,1,1,1,0,0,7,15000,86399.0,364,0.0
1530936,1,1,1,1,0,0,7,20000,0.0,0,0.0
1530937,1,1,1,1,0,0,7,20000,0.0,79,746.6666666666666
1530938,1,1,1,1,0,0,7,20000,0.0,171,0.0
1530939,1,1,1,1,0,0,7,20000,0.0,263,0.0
1530940,1,1,1,1,0,0,7,20000,0.0,354,0.0
1530941,1,1,1,1,0,0,7,20000,0.0,364,0.0
1530942,1,1,1,1,0,0,7,20000,10800.0,0,746.6666666666666
1530943,1,1,1,1,0,0,7,20000,10800.0,79,746.6666666666666
1530944,1,1,1,1,0,0,7,20000,10800.0,171,746.6666666666666
1530945,1,1,1,1,0,0,7,20000,10800.0,263,0.0
1530946,1,1,1,1,0,0,7,20000,10800.0,354,746.6666666666666
1530947,1,1,1,1,0,0,7,20000,10800.0,364,0.0
1530948,1,1,1,1,0,0,7,20000,21600.0,0,746.6666666666666
1530949,1,1,1,1,0,0,7,20000,21600.0,79,0.0
1530950,1,1,1,1,0,0,7,20000,21600.0,171,746.6666666666666
1530951,1,1,1,1,0,0,7,20000,21600.0,263,746.6666666666666
1530952,1,1,1,1,0,0,7,20000,21600.0,354,746.6666666666666
1530953,1,1,1,1,0,0,7,20000,21600.0,364,746.6666666666666
1530954,1,1,1,1,0,0,7,20000,25200.0,0,746.6666666666666
1530955,1,1,1,1,0,0,7,20000,25200.0,79,746.6666666666666
1530956,1,1,1,1,0,0,7,20000,25200.0,171,0.0
1530957,1,1,1,1,0,0,7,20000,25200.0,263,0.0
1530958,1,1,1,1,0,0,7,20000,25200.0,354,0.0
1530959,1,1,1,1,0,0,7,20000,25200.0,364,0.0
1530960,1,1,1,1,0,0,7,20000,27000.0,0,0.0
1530961,1,1,1,1,0,0,7,20000,27000.0,79,0.0
1530962,1,1,1,1,0,0,7,20000,27000.0,171,0.0
1530963,1,1,1,1,0,0,7,20000,27000.0,263,746.6666666666666
1530964,1,1,1,1,0,0,7,20000,27000.0,354,746.6666666666666
1530965,1,1,1,1,0,0,7,20000,27000.0,364,0.0
1530966,1,1,1,1,0,0,7,20000,39600.0,0,746.6666666666666
1530967,1,1,1,1,0,0,7,20000,39600.0,79,0.0
1530968,1,1,1,1,0,0,7,20000,39600.0,171,0.0
1530969,1,1,1,1,0,0,7,20000,39600.0,263,746.6666666666666
1530970,1,1,1,1,0,0,7,20000,39600.0,354,0.0
1530971,1,1,1,1,0,0,7,20000,39600.0,364,0.0
1530972,1,1,1,1,0,0,7,20000,46800.0,0,746.6666666666666
1530973,1,1,1,1,0,0,7,20000,46800.0,79,746.6666666666666
1530974,1,1,1,1,0,0,7,20000,46800.0,171,0.0
1530975,1,1,1,1,0,0,7,20000,46800.0,263,0.0
1530976,1,1,1,1,0,0,7,20000,46800.0,354,746.6666666666666
1530977,1,1,1,1,0,0,7,20000,46800.0,364,0.0
1530978,1,1,1,1,0,0,7,20000,57600.0,0,746.6666666666666
1530979,1,1,1,1,0,0,7,20000,57600.0,79,0.0
1530980,1,1,1,1,0,0,7,20000,57600.0,171,746.6666666666666
1530981,1,1,1,1,0,0,7,20000,57600.0,263,0.0
1530982,1,1,1,1,0,0,7,20000,57600.0,354,0.0
1530983,1,1,1,1,0,0,7,20000,57600.0,364,0.0
1530984,1,1,1,1,0,0,7,20000,61200.0,0,0.0
1530985,1,1,1,1,0,0,7,20000,61200.0,79,0.0
1530986,1,1,1,1,0,0,7,20000,61200.0,171,0.0
1530987,1,1,1,1,0,0,7,20000,61200.0,263,0.0
1530988,1,1,1,1,0,0,7,20000,61200.0,354,746.6666666666666
1530989,1,1,1,1,0,0,7,20000,61200.0,364,746.6666666666666
1530990,1,1,1,1,0,0,7,20000,63000.0,0,0.0
1530991,1,1,1,1,0,0,7,20000,63000.0,79,0.0
1530992,1,1,1,1,0,0,7,20000,63000.0,171,0.0
1530993,1,1,1,1,0,0,7,20000,63000.0,263,0.0
1530994,1,1,1,1,0,0,7,20000,63000.0,354,0.0
1530995,1,1,1,1,0,0,7,20000,63000.0,364,728.8888888888889
1530996,1,1,1,1,0,0,7,20000,75600.0,0,0.0
1530997,1,1,1,1,0,0,7,20000,75600.0,79,746.6666666666666
1530998,1,1,1,1,0,0,7,20000,75600.0,171,0.0
1530999,1,1,1,1,0,0,7,20000,75600.0,263,0.0
1531000,1,1,1,1,0,0,7,20000,75600.0,354,0.0
1531001,1,1,1,1,0,0,7,20000,75600.0,364,746.6666666666666
1531002,1,1,1,1,0,0,7,20000,86399.0,0,0.0
1531003,1,1,1,1,0,0,7,20000,86399.0,79,0.0
1531004,1,1,1,1,0,0,7,20000,86399.0,171,764.4444444444445
1531005,1,1,1,1,0,0,7,20000,86399.0,263,728.8888888888889
1531006,1,1,1,1,0,0,7,20000,86399.0,354,0.0
1531007,1,1,1,1,0,0,7,20000,86399.0,364,0.0
1531008,1,1,1,1,0,0,9,10000,0.0,0,746.6666666666666
1531009,1,1,1,1,0,0,9,10000,0.0,79,746.6666666666666
1531010,1,1,1,1,0,0,9,10000,0.0,171,746.6666666666666
1531011,1,1,1,1,0,0,9,10000,0.0,263,1395.5555555555557
1531012,1,1,1,1,0,0,9,10000,0.0,354,1457.7777777777778
1531013,1,1,1,1,0,0,9,10000,0.0,364,746.6666666666666
1531014,1,1,1,1,0,0,9,10000,10800.0,0,746.6666666666666
1531015,1,1,1,1,0,0,9,10000,10800.0,79,746.6666666666666
1531016,1,1,1,1,0,0,9,10000,10800.0,171,746.6666666666666
1531017,1,1,1,1,0,0,9,10000,10800.0,263,1413.3333333333333
1531018,1,1,1,1,0,0,9,10000,10800.0,354,746.6666666666666
1531019,1,1,1,1,0,0,9,10000,10800.0,364,746.6666666666666
1531020,1,1,1,1,0,0,9,10000,21600.0,0,746.6666666666666
1531021,1,1,1,1,0,0,9,10000,21600.0,79,746.6666666666666
1531022,1,1,1,1,0,0,9,10000,21600.0,171,746.6666666666666
1531023,1,1,1,1,0,0,9,10000,21600.0,263,1377.7777777777778
1531024,1,1,1,1,0,0,9,10000,21600.0,354,1448.888888888889
1531025,1,1,1,1,0,0,9,10000,21600.0,364,746.6666666666666
1531026,1,1,1,1,0,0,9,10000,25200.0,0,1368.888888888889
1531027,1,1,1,1,0,0,9,10000,25200.0,79,1413.3333333333333
1531028,1,1,1,1,0,0,9,10000,25200.0,171,1386.6666666666667
1531029,1,1,1,1,0,0,9,10000,25200.0,263,746.6666666666666
1531030,1,1,1,1,0,0,9,10000,25200.0,354,1333.3333333333333
1531031,1,1,1,1,0,0,9,10000,25200.0,364,746.6666666666666
1531032,1,1,1,1,0,0,9,10000,27000.0,0,746.6666666666666
1531033,1,1,1,1,0,0,9,10000,27000.0,79,1360.0
1531034,1,1,1,1,0,0,9,10000,27000.0,171,1440.0
1531035,1,1,1,1,0,0,9,10000,27000.0,263,746.6666666666666
1531036,1,1,1,1,0,0,9,10000,27000.0,354,746.6666666666666
1531037,1,1,1,1,0,0,9,10000,27000.0,364,1342.2222222222222
1531038,1,1,1,1,0,0,9,10000,39600.0,0,746.6666666666666
1531039,1,1,1,1,0,0,9,10000,39600.0,79,1386.6666666666667
1531040,1,1,1,1,0,0,9,10000,39600.0,171,746.6666666666666
1531041,1,1,1,1,0,0,9,10000,39600.0,263,746.6666666666666
1531042,1,1,1,1,0,0,9,10000,39600.0,354,746.6666666666666
1531043,1,1,1,1,0,0,9,10000,39600.0,364,1217.7777777777778
1531044,1,1,1,1,0,0,9,10000,46800.0,0,1093.3333333333333
1531045,1,1,1,1,0,0,9,10000,46800.0,79,746.6666666666666
1531046,1,1,1,1,0,0,9,10000,46800.0,171,1422.2222222222222
1531047,1,1,1,1,0,0,9,10000,46800.0,263,1457.7777777777778
1531048,1,1,1,1,0,0,9,10000,46800.0,354,746.6666666666666
1531049,1,1,1,1,0,0,9,10000,46800.0,364,746.6666666666666
1531050,1,1,1,1,0,0,9,10000,57600.0,0,746.6666666666666
1531051,1,1,1,1,0,0,9,10000,57600.0,79,746.6666666666666
1531052,1,1,1,1,0,0,9,10000,57600.0,171,1413.3333333333333
1531053,1,1,1,1,0,0,9,10000,57600.0,263,746.6666666666666
1531054,1,1,1,1,0,0,9,10000,57600.0,354,746.6666666666666
1531055,1,1,1,1,0,0,9,10000,57600.0,364,746.6666666666666
1531056,1,1,1,1,0,0,9,10000,61200.0,0,1395.5555555555557
1531057,1,1,1,1,0,0,9,10000,61200.0,79,746.6666666666666
1531058,1,1,1,1,0,0,9,10000,61200.0,171,746.6666666666666
1531059,1,1,1,1,0,0,9,10000,61200.0,263,746.6666666666666
1531060,1,1,1,1,0,0,9,10000,61200.0,354,746.6666666666666
1531061,1,1,1,1,0,0,9,10000,61200.0,364,1404.4444444444443
1531062,1,1,1,1,0,0,9,10000,63000.0,0,1422.2222222222222
1531063,1,1,1,1,0,0,9,10000,63000.0,79,1360.0
1531064,1,1,1,1,0,0,9,10000,63000.0,171,1324.4444444444443
1531065,1,1,1,1,0,0,9,10000,63000.0,263,746.6666666666666
1531066,1,1,1,1,0,0,9,10000,63000.0,354,746.6666666666666
1531067,1,1,1,1,0,0,9,10000,63000.0,364,746.6666666666666
1531068,1,1,1,1,0,0,9,10000,75600.0,0,746.6666666666666
1531069,1,1,1,1,0,0,9,10000,75600.0,79,746.6666666666666
1531070,1,1,1,1,0,0,9,10000,75600.0,171,1377.7777777777778
1531071,1,1,1,1,0,0,9,10000,75600.0,263,746.6666666666666
1531072,1,1,1,1,0,0,9,10000,75600.0,354,746.6666666666666
1531073,1,1,1,1,0,0,9,10000,75600.0,364,746.6666666666666
1531074,1,1,1,1,0,0,9,10000,86399.0,0,1297.7777777777778
1531075,1,1,1,1,0,0,9,10000,86399.0,79,1386.6666666666667
1531076,1,1,1,1,0,0,9,10000,86399.0,171,746.6666666666666
1531077,1,1,1,1,0,0,9,10000,86399.0,263,1413.3333333333333
1531078,1,1,1,1,0,0,9,10000,86399.0,354,862.2222222222222
1531079,1,1,1,1,0,0,9,10000,86399.0,364,1431.111111111111
1531080,1,1,1,1,0,0,9,15000,0.0,0,840.0
1531081,1,1,1,1,0,0,9,15000,0.0,79,826.6666666666666
1531082,1,1,1,1,0,0,9,15000,0.0,171,826.6666666666666
1531083,1,1,1,1,0,0,9,15000,0.0,263,826.6666666666666
1531084,1,1,1,1,0,0,9,15000,0.0,354,826.6666666666666
1531085,1,1,1,1,0,0,9,15000,0.0,364,1466.6666666666667
1531086,1,1,1,1,0,0,9,15000,10800.0,0,826.6666666666666
1531087,1,1,1,1,0,0,9,15000,10800.0,79,826.6666666666666
1531088,1,1,1,1,0,0,9,15000,10800.0,171,826.6666666666666
1531089,1,1,1,1,0,0,9,15000,10800.0,263,826.6666666666666
1531090,1,1,1,1,0,0,9,15000,10800.0,354,1173.3333333333333
1531091,1,1,1,1,0,0,9,15000,10800.0,364,840.0
1531092,1,1,1,1,0,0,9,15000,21600.0,0,1720.0
1531093,1,1,1,1,0,0,9,15000,21600.0,79,1466.6666666666667
1531094,1,1,1,1,0,0,9,15000,21600.0,171,1413.3333333333333
1531095,1,1,1,1,0,0,9,15000,21600.0,263,1666.6666666666667
1531096,1,1,1,1,0,0,9,15000,21600.0,354,1106.6666666666667
1531097,1,1,1,1,0,0,9,15000,21600.0,364,1560.0
1531098,1,1,1,1,0,0,9,15000,25200.0,0,1000.0
1531099,1,1,1,1,0,0,9,15000,25200.0,79,826.6666666666666
1531100,1,1,1,1,0,0,9,15000,25200.0,171,1346.6666666666667
1531101,1,1,1,1,0,0,9,15000,25200.0,263,1760.0
1531102,1,1,1,1,0,0,9,15000,25200.0,354,826.6666666666666
1531103,1,1,1,1,0,0,9,15000,25200.0,364,826.6666666666666
1531104,1,1,1,1,0,0,9,15000,27000.0,0,920.0
1531105,1,1,1,1,0,0,9,15000,27000.0,79,826.6666666666666
1531106,1,1,1,1,0,0,9,15000,27000.0,171,826.6666666666666
1531107,1,1,1,1,0,0,9,15000,27000.0,263,1626.6666666666667
1531108,1,1,1,1,0,0,9,15000,27000.0,354,826.6666666666666
1531109,1,1,1,1,0,0,9,15000,27000.0,364,1600.0
1531110,1,1,1,1,0,0,9,15000,39600.0,0,1666.6666666666667
1531111,1,1,1,1,0,0,9,15000,39600.0,79,1520.0
1531112,1,1,1,1,0,0,9,15000,39600.0,171,826.6666666666666
1531113,1,1,1,1,0,0,9,15000,39600.0,263,826.6666666666666
1531114,1,1,1,1,0,0,9,15000,39600.0,354,1693.3333333333333
1531115,1,1,1,1,0,0,9,15000,39600.0,364,826.6666666666666
1531116,1,1,1,1,0,0,9,15000,46800.0,0,1600.0
1531117,1,1,1,1,0,0,9,15000,46800.0,79,1480.0
1531118,1,1,1,1,0,0,9,15000,46800.0,171,1053.3333333333333
1531119,1,1,1,1,0,0,9,15000,46800.0,263,1586.6666666666667
1531120,1,1,1,1,0,0,9,15000,46800.0,354,1573.3333333333333
1531121,1,1,1,1,0,0,9,15000,46800.0,364,826.6666666666666
1531122,1,1,1,1,0,0,9,15000,57600.0,0,826.6666666666666
1531123,1,1,1,1,0,0,9,15000,57600.0,79,826.6666666666666
1531124,1,1,1,1,0,0,9,15000,57600.0,171,826.6666666666666
1531125,1,1,1,1,0,0,9,15000,57600.0,263,826.6666666666666
1531126,1,1,1,1,0,0,9,15000,57600.0,354,1600.0
1531127,1,1,1,1,0,0,9,15000,57600.0,364,866.6666666666666
1531128,1,1,1,1,0,0,9,15000,61200.0,0,826.6666666666666
1531129,1,1,1,1,0,0,9,15000,61200.0,79,826.6666666666666
1531130,1,1,1,1,0,0,9,15000,61200.0,171,1573.3333333333333
1531131,1,1,1,1,0,0,9,15000,61200.0,263,826.6666666666666
1531132,1,1,1,1,0,0,9,15000,61200.0,354,826.6666666666666
1531133,1,1,1,1,0,0,9,15000,61200.0,364,1480.0
1531134,1,1,1,1,0,0,9,15000,63000.0,0,826.6666666666666
1531135,1,1,1,1,0,0,9,15000,63000.0,79,826.6666666666666
1531136,1,1,1,1,0,0,9,15000,63000.0,171,826.6666666666666
1531137,1,1,1,1,0,0,9,15000,63000.0,263,866.6666666666666
1531138,1,1,1,1,0,0,9,15000,63000.0,354,1186.6666666666667
1531139,1,1,1,1,0,0,9,15000,63000.0,364,826.6666666666666
1531140,1,1,1,1,0,0,9,15000,75600.0,0,826.6666666666666
1531141,1,1,1,1,0,0,9,15000,75600.0,79,826.6666666666666
1531142,1,1,1,1,0,0,9,15000,75600.0,171,826.6666666666666
1531143,1,1,1,1,0,0,9,15000,75600.0,263,826.6666666666666
1531144,1,1,1,1,0,0,9,15000,75600.0,354,826.6666666666666
1531145,1,1,1,1,0,0,9,15000,75600.0,364,826.6666666666666
1531146,1,1,1,1,0,0,9,15000,86399.0,0,826.6666666666666
1531147,1,1,1,1,0,0,9,15000,86399.0,79,1600.0
1531148,1,1,1,1,0,0,9,15000,86399.0,171,826.6666666666666
1531149,1,1,1,1,0,0,9,15000,86399.0,263,1493.3333333333333
1531150,1,1,1,1,0,0,9,15000,86399.0,354,826.6666666666666
1531151,1,1,1,1,0,0,9,15000,86399.0,364,1520.0
1531152,1,1,1,1,0,0,9,20000,0.0,0,728.8888888888889
1531153,1,1,1,1,0,0,9,20000,0.0,79,728.8888888888889
1531154,1,1,1,1,0,0,9,20000,0.0,171,1528.888888888889
1531155,1,1,1,1,0,0,9,20000,0.0,263,1528.888888888889
1531156,1,1,1,1,0,0,9,20000,0.0,354,1528.888888888889
1531157,1,1,1,1,0,0,9,20000,0.0,364,728.8888888888889
1531158,1,1,1,1,0,0,9,20000,10800.0,0,1528.888888888889
1531159,1,1,1,1,0,0,9,20000,10800.0,79,728.8888888888889
1531160,1,1,1,1,0,0,9,20000,10800.0,171,1546.6666666666667
1531161,1,1,1,1,0,0,9,20000,10800.0,263,1528.888888888889
1531162,1,1,1,1,0,0,9,20000,10800.0,354,1528.888888888889
1531163,1,1,1,1,0,0,9,20000,10800.0,364,1528.888888888889
1531164,1,1,1,1,0,0,9,20000,21600.0,0,1528.888888888889
1531165,1,1,1,1,0,0,9,20000,21600.0,79,728.8888888888889
1531166,1,1,1,1,0,0,9,20000,21600.0,171,728.8888888888889
1531167,1,1,1,1,0,0,9,20000,21600.0,263,1528.888888888889
1531168,1,1,1,1,0,0,9,20000,21600.0,354,1546.6666666666667
1531169,1,1,1,1,0,0,9,20000,21600.0,364,728.8888888888889
1531170,1,1,1,1,0,0,9,20000,25200.0,0,728.8888888888889
1531171,1,1,1,1,0,0,9,20000,25200.0,79,728.8888888888889
1531172,1,1,1,1,0,0,9,20000,25200.0,171,728.8888888888889
1531173,1,1,1,1,0,0,9,20000,25200.0,263,728.8888888888889
1531174,1,1,1,1,0,0,9,20000,25200.0,354,728.8888888888889
1531175,1,1,1,1,0,0,9,20000,25200.0,364,1511.111111111111
1531176,1,1,1,1,0,0,9,20000,27000.0,0,728.8888888888889
1531177,1,1,1,1,0,0,9,20000,27000.0,79,728.8888888888889
1531178,1,1,1,1,0,0,9,20000,27000.0,171,728.8888888888889
1531179,1,1,1,1,0,0,9,20000,27000.0,263,746.6666666666666
1531180,1,1,1,1,0,0,9,20000,27000.0,354,728.8888888888889
1531181,1,1,1,1,0,0,9,20000,27000.0,364,746.6666666666666
1531182,1,1,1,1,0,0,9,20000,39600.0,0,1528.888888888889
1531183,1,1,1,1,0,0,9,20000,39600.0,79,1528.888888888889
1531184,1,1,1,1,0,0,9,20000,39600.0,171,1528.888888888889
1531185,1,1,1,1,0,0,9,20000,39600.0,263,728.8888888888889
1531186,1,1,1,1,0,0,9,20000,39600.0,354,728.8888888888889
1531187,1,1,1,1,0,0,9,20000,39600.0,364,728.8888888888889
1531188,1,1,1,1,0,0,9,20000,46800.0,0,1528.888888888889
1531189,1,1,1,1,0,0,9,20000,46800.0,79,1368.888888888889
1531190,1,1,1,1,0,0,9,20000,46800.0,171,1528.888888888889
1531191,1,1,1,1,0,0,9,20000,46800.0,263,1528.888888888889
1531192,1,1,1,1,0,0,9,20000,46800.0,354,1528.888888888889
1531193,1,1,1,1,0,0,9,20000,46800.0,364,728.8888888888889
1531194,1,1,1,1,0,0,9,20000,57600.0,0,728.8888888888889
1531195,1,1,1,1,0,0,9,20000,57600.0,79,728.8888888888889
1531196,1,1,1,1,0,0,9,20000,57600.0,171,728.8888888888889
1531197,1,1,1,1,0,0,9,20000,57600.0,263,1528.888888888889
1531198,1,1,1,1,0,0,9,20000,57600.0,354,728.8888888888889
1531199,1,1,1,1,0,0,9,20000,57600.0,364,728.8888888888889
1531200,1,1,1,1,0,0,9,20000,61200.0,0,728.8888888888889
1531201,1,1,1,1,0,0,9,20000,61200.0,79,1528.888888888889
1531202,1,1,1,1,0,0,9,20000,61200.0,171,1528.888888888889
1531203,1,1,1,1,0,0,9,20000,61200.0,263,728.8888888888889
1531204,1,1,1,1,0,0,9,20000,61200.0,354,1528.888888888889
1531205,1,1,1,1,0,0,9,20000,61200.0,364,1528.888888888889
1531206,1,1,1,1,0,0,9,20000,63000.0,0,1528.888888888889
1531207,1,1,1,1,0,0,9,20000,63000.0,79,728.8888888888889
1531208,1,1,1,1,0,0,9,20000,63000.0,171,728.8888888888889
1531209,1,1,1,1,0,0,9,20000,63000.0,263,728.8888888888889
1531210,1,1,1,1,0,0,9,20000,63000.0,354,728.8888888888889
1531211,1,1,1,1,0,0,9,20000,63000.0,364,1528.888888888889
1531212,1,1,1,1,0,0,9,20000,75600.0,0,728.8888888888889
1531213,1,1,1,1,0,0,9,20000,75600.0,79,1528.888888888889
1531214,1,1,1,1,0,0,9,20000,75600.0,171,728.8888888888889
1531215,1,1,1,1,0,0,9,20000,75600.0,263,1422.2222222222222
1531216,1,1,1,1,0,0,9,20000,75600.0,354,1528.888888888889
1531217,1,1,1,1,0,0,9,20000,75600.0,364,1528.888888888889
1531218,1,1,1,1,0,0,9,20000,86399.0,0,728.8888888888889
1531219,1,1,1,1,0,0,9,20000,86399.0,79,728.8888888888889
1531220,1,1,1,1,0,0,9,20000,86399.0,171,728.8888888888889
1531221,1,1,1,1,0,0,9,20000,86399.0,263,728.8888888888889
1531222,1,1,1,1,0,0,9,20000,86399.0,354,728.8888888888889
1531223,1,1,1,1,0,0,9,20000,86399.0,364,728.8888888888889
1531224,1,1,1,1,0,0,11,10000,0.0,0,1217.7777777777778
1531225,1,1,1,1,0,0,11,10000,0.0,79,1217.7777777777778
1531226,1,1,1,1,0,0,11,10000,0.0,171,1217.7777777777778
1531227,1,1,1,1,0,0,11,10000,0.0,263,1653.3333333333333
1531228,1,1,1,1,0,0,11,10000,0.0,354,1404.4444444444443
1531229,1,1,1,1,0,0,11,10000,0.0,364,1662.2222222222222
1531230,1,1,1,1,0,0,11,10000,10800.0,0,1217.7777777777778
1531231,1,1,1,1,0,0,11,10000,10800.0,79,1217.7777777777778
1531232,1,1,1,1,0,0,11,10000,10800.0,171,1608.888888888889
1531233,1,1,1,1,0,0,11,10000,10800.0,263,1217.7777777777778
1531234,1,1,1,1,0,0,11,10000,10800.0,354,1217.7777777777778
1531235,1,1,1,1,0,0,11,10000,10800.0,364,1217.7777777777778
1531236,1,1,1,1,0,0,11,10000,21600.0,0,1217.7777777777778
1531237,1,1,1,1,0,0,11,10000,21600.0,79,1217.7777777777778
1531238,1,1,1,1,0,0,11,10000,21600.0,171,1217.7777777777778
1531239,1,1,1,1,0,0,11,10000,21600.0,263,1217.7777777777778
1531240,1,1,1,1,0,0,11,10000,21600.0,354,1608.888888888889
1531241,1,1,1,1,0,0,11,10000,21600.0,364,1617.7777777777778
1531242,1,1,1,1,0,0,11,10000,25200.0,0,1626.6666666666667
1531243,1,1,1,1,0,0,11,10000,25200.0,79,1493.3333333333333
1531244,1,1,1,1,0,0,11,10000,25200.0,171,1217.7777777777778
1531245,1,1,1,1,0,0,11,10000,25200.0,263,1671.111111111111
1531246,1,1,1,1,0,0,11,10000,25200.0,354,1217.7777777777778
1531247,1,1,1,1,0,0,11,10000,25200.0,364,1217.7777777777778
1531248,1,1,1,1,0,0,11,10000,27000.0,0,1217.7777777777778
1531249,1,1,1,1,0,0,11,10000,27000.0,79,1626.6666666666667
1531250,1,1,1,1,0,0,11,10000,27000.0,171,1217.7777777777778
1531251,1,1,1,1,0,0,11,10000,27000.0,263,1217.7777777777778
1531252,1,1,1,1,0,0,11,10000,27000.0,354,1217.7777777777778
1531253,1,1,1,1,0,0,11,10000,27000.0,364,1217.7777777777778
1531254,1,1,1,1,0,0,11,10000,39600.0,0,1217.7777777777778
1531255,1,1,1,1,0,0,11,10000,39600.0,79,1617.7777777777778
1531256,1,1,1,1,0,0,11,10000,39600.0,171,1217.7777777777778
1531257,1,1,1,1,0,0,11,10000,39600.0,263,1217.7777777777778
1531258,1,1,1,1,0,0,11,10000,39600.0,354,1217.7777777777778
1531259,1,1,1,1,0,0,11,10000,39600.0,364,1217.7777777777778
1531260,1,1,1,1,0,0,11,10000,46800.0,0,1217.7777777777778
1531261,1,1,1,1,0,0,11,10000,46800.0,79,1555.5555555555557
1531262,1,1,1,1,0,0,11,10000,46800.0,171,1217.7777777777778
1531263,1,1,1,1,0,0,11,10000,46800.0,263,1217.7777777777778
1531264,1,1,1,1,0,0,11,10000,46800.0,354,1217.7777777777778
1531265,1,1,1,1,0,0,11,10000,46800.0,364,1457.7777777777778
1531266,1,1,1,1,0,0,11,10000,57600.0,0,1626.6666666666667
1531267,1,1,1,1,0,0,11,10000,57600.0,79,1217.7777777777778
1531268,1,1,1,1,0,0,11,10000,57600.0,171,1217.7777777777778
1531269,1,1,1,1,0,0,11,10000,57600.0,263,1217.7777777777778
1531270,1,1,1,1,0,0,11,10000,57600.0,354,1671.111111111111
1531271,1,1,1,1,0,0,11,10000,57600.0,364,1217.7777777777778
1531272,1,1,1,1,0,0,11,10000,61200.0,0,1217.7777777777778
1531273,1,1,1,1,0,0,11,10000,61200.0,79,1217.7777777777778
1531274,1,1,1,1,0,0,11,10000,61200.0,171,1617.7777777777778
1531275,1,1,1,1,0,0,11,10000,61200.0,263,1546.6666666666667
1531276,1,1,1,1,0,0,11,10000,61200.0,354,1217.7777777777778
1531277,1,1,1,1,0,0,11,10000,61200.0,364,1608.888888888889
1531278,1,1,1,1,0,0,11,10000,63000.0,0,1217.7777777777778
1531279,1,1,1,1,0,0,11,10000,63000.0,79,1217.7777777777778
1531280,1,1,1,1,0,0,11,10000,63000.0,171,1217.7777777777778
1531281,1,1,1,1,0,0,11,10000,63000.0,263,1217.7777777777778
1531282,1,1,1,1,0,0,11,10000,63000.0,354,1217.7777777777778
1531283,1,1,1,1,0,0,11,10000,63000.0,364,1582.2222222222222
1531284,1,1,1,1,0,0,11,10000,75600.0,0,1217.7777777777778
1531285,1,1,1,1,0,0,11,10000,75600.0,79,1217.7777777777778
1531286,1,1,1,1,0,0,11,10000,75600.0,171,1617.7777777777778
1531287,1,1,1,1,0,0,11,10000,75600.0,263,1653.3333333333333
1531288,1,1,1,1,0,0,11,10000,75600.0,354,1217.7777777777778
1531289,1,1,1,1,0,0,11,10000,75600.0,364,1217.7777777777778
1531290,1,1,1,1,0,0,11,10000,86399.0,0,1591.111111111111
1531291,1,1,1,1,0,0,11,10000,86399.0,79,1591.111111111111
1531292,1,1,1,1,0,0,11,10000,86399.0,171,1217.7777777777778
1531293,1,1,1,1,0,0,11,10000,86399.0,263,1484.4444444444443
1531294,1,1,1,1,0,0,11,10000,86399.0,354,1617.7777777777778
1531295,1,1,1,1,0,0,11,10000,86399.0,364,1217.7777777777778
1531296,1,1,1,1,0,0,11,15000,0.0,0,840.0
1531297,1,1,1,1,0,0,11,15000,0.0,79,1893.3333333333333
1531298,1,1,1,1,0,0,11,15000,0.0,171,840.0
1531299,1,1,1,1,0,0,11,15000,0.0,263,1826.6666666666667
1531300,1,1,1,1,0,0,11,15000,0.0,354,840.0
1531301,1,1,1,1,0,0,11,15000,0.0,364,840.0
1531302,1,1,1,1,0,0,11,15000,10800.0,0,840.0
1531303,1,1,1,1,0,0,11,15000,10800.0,79,840.0
1531304,1,1,1,1,0,0,11,15000,10800.0,171,1826.6666666666667
1531305,1,1,1,1,0,0,11,15000,10800.0,263,840.0
1531306,1,1,1,1,0,0,11,15000,10800.0,354,840.0
1531307,1,1,1,1,0,0,11,15000,10800.0,364,840.0
1531308,1,1,1,1,0,0,11,15000,21600.0,0,1880.0
1531309,1,1,1,1,0,0,11,15000,21600.0,79,840.0
1531310,1,1,1,1,0,0,11,15000,21600.0,171,840.0
1531311,1,1,1,1,0,0,11,15000,21600.0,263,840.0
1531312,1,1,1,1,0,0,11,15000,21600.0,354,1853.3333333333333
1531313,1,1,1,1,0,0,11,15000,21600.0,364,840.0
1531314,1,1,1,1,0,0,11,15000,25200.0,0,840.0
1531315,1,1,1,1,0,0,11,15000,25200.0,79,840.0
1531316,1,1,1,1,0,0,11,15000,25200.0,171,880.0
1531317,1,1,1,1,0,0,11,15000,25200.0,263,840.0
1531318,1,1,1,1,0,0,11,15000,25200.0,354,1826.6666666666667
1531319,1,1,1,1,0,0,11,15000,25200.0,364,840.0
1531320,1,1,1,1,0,0,11,15000,27000.0,0,840.0
1531321,1,1,1,1,0,0,11,15000,27000.0,79,840.0
1531322,1,1,1,1,0,0,11,15000,27000.0,171,840.0
1531323,1,1,1,1,0,0,11,15000,27000.0,263,840.0
1531324,1,1,1,1,0,0,11,15000,27000.0,354,840.0
1531325,1,1,1,1,0,0,11,15000,27000.0,364,1826.6666666666667
1531326,1,1,1,1,0,0,11,15000,39600.0,0,1826.6666666666667
1531327,1,1,1,1,0,0,11,15000,39600.0,79,1880.0
1531328,1,1,1,1,0,0,11,15000,39600.0,171,840.0
1531329,1,1,1,1,0,0,11,15000,39600.0,263,1853.3333333333333
1531330,1,1,1,1,0,0,11,15000,39600.0,354,1840.0
1531331,1,1,1,1,0,0,11,15000,39600.0,364,1880.0
1531332,1,1,1,1,0,0,11,15000,46800.0,0,840.0
1531333,1,1,1,1,0,0,11,15000,46800.0,79,840.0
1531334,1,1,1,1,0,0,11,15000,46800.0,171,1866.6666666666667
1531335,1,1,1,1,0,0,11,15000,46800.0,263,840.0
1531336,1,1,1,1,0,0,11,15000,46800.0,354,1880.0
1531337,1,1,1,1,0,0,11,15000,46800.0,364,1853.3333333333333
1531338,1,1,1,1,0,0,11,15000,57600.0,0,1853.3333333333333
1531339,1,1,1,1,0,0,11,15000,57600.0,79,1880.0
1531340,1,1,1,1,0,0,11,15000,57600.0,171,1893.3333333333333
1531341,1,1,1,1,0,0,11,15000,57600.0,263,840.0
1531342,1,1,1,1,0,0,11,15000,57600.0,354,840.0
1531343,1,1,1,1,0,0,11,15000,57600.0,364,840.0
1531344,1,1,1,1,0,0,11,15000,61200.0,0,840.0
1531345,1,1,1,1,0,0,11,15000,61200.0,79,853.3333333333334
1531346,1,1,1,1,0,0,11,15000,61200.0,171,840.0
1531347,1,1,1,1,0,0,11,15000,61200.0,263,840.0
1531348,1,1,1,1,0,0,11,15000,61200.0,354,1880.0
1531349,1,1,1,1,0,0,11,15000,61200.0,364,840.0
1531350,1,1,1,1,0,0,11,15000,63000.0,0,840.0
1531351,1,1,1,1,0,0,11,15000,63000.0,79,840.0
1531352,1,1,1,1,0,0,11,15000,63000.0,171,840.0
1531353,1,1,1,1,0,0,11,15000,63000.0,263,1840.0
1531354,1,1,1,1,0,0,11,15000,63000.0,354,840.0
1531355,1,1,1,1,0,0,11,15000,63000.0,364,1880.0
1531356,1,1,1,1,0,0,11,15000,75600.0,0,1880.0
1531357,1,1,1,1,0,0,11,15000,75600.0,79,1853.3333333333333
1531358,1,1,1,1,0,0,11,15000,75600.0,171,840.0
1531359,1,1,1,1,0,0,11,15000,75600.0,263,1880.0
1531360,1,1,1,1,0,0,11,15000,75600.0,354,1880.0
1531361,1,1,1,1,0,0,11,15000,75600.0,364,840.0
1531362,1,1,1,1,0,0,11,15000,86399.0,0,840.0
1531363,1,1,1,1,0,0,11,15000,86399.0,79,840.0
1531364,1,1,1,1,0,0,11,15000,86399.0,171,1866.6666666666667
1531365,1,1,1,1,0,0,11,15000,86399.0,263,840.0
1531366,1,1,1,1,0,0,11,15000,86399.0,354,1893.3333333333333
1531367,1,1,1,1,0,0,11,15000,86399.0,364,840.0
1531368,1,1,1,1,0,0,11,20000,0.0,0,746.6666666666666
1531369,1,1,1,1,0,0,11,20000,0.0,79,746.6666666666666
1531370,1,1,1,1,0,0,11,20000,0.0,171,1564.4444444444443
1531371,1,1,1,1,0,0,11,20000,0.0,263,746.6666666666666
1531372,1,1,1,1,0,0,11,20000,0.0,354,746.6666666666666
1531373,1,1,1,1,0,0,11,20000,0.0,364,1528.888888888889
1531374,1,1,1,1,0,0,11,20000,10800.0,0,746.6666666666666
1531375,1,1,1,1,0,0,11,20000,10800.0,79,746.6666666666666
1531376,1,1,1,1,0,0,11,20000,10800.0,171,746.6666666666666
1531377,1,1,1,1,0,0,11,20000,10800.0,263,746.6666666666666
1531378,1,1,1,1,0,0,11,20000,10800.0,354,746.6666666666666
1531379,1,1,1,1,0,0,11,20000,10800.0,364,1582.2222222222222
1531380,1,1,1,1,0,0,11,20000,21600.0,0,1564.4444444444443
1531381,1,1,1,1,0,0,11,20000,21600.0,79,746.6666666666666
1531382,1,1,1,1,0,0,11,20000,21600.0,171,746.6666666666666
1531383,1,1,1,1,0,0,11,20000,21600.0,263,746.6666666666666
1531384,1,1,1,1,0,0,11,20000,21600.0,354,1582.2222222222222
1531385,1,1,1,1,0,0,11,20000,21600.0,364,1582.2222222222222
1531386,1,1,1,1,0,0,11,20000,25200.0,0,746.6666666666666
1531387,1,1,1,1,0,0,11,20000,25200.0,79,746.6666666666666
1531388,1,1,1,1,0,0,11,20000,25200.0,171,746.6666666666666
1531389,1,1,1,1,0,0,11,20000,25200.0,263,1564.4444444444443
1531390,1,1,1,1,0,0,11,20000,25200.0,354,1564.4444444444443
1531391,1,1,1,1,0,0,11,20000,25200.0,364,746.6666666666666
1531392,1,1,1,1,0,0,11,20000,27000.0,0,1582.2222222222222
1531393,1,1,1,1,0,0,11,20000,27000.0,79,1564.4444444444443
1531394,1,1,1,1,0,0,11,20000,27000.0,171,1582.2222222222222
1531395,1,1,1,1,0,0,11,20000,27000.0,263,1582.2222222222222
1531396,1,1,1,1,0,0,11,20000,27000.0,354,1333.3333333333333
1531397,1,1,1,1,0,0,11,20000,27000.0,364,1600.0
1531398,1,1,1,1,0,0,11,20000,39600.0,0,746.6666666666666
1531399,1,1,1,1,0,0,11,20000,39600.0,79,746.6666666666666
1531400,1,1,1,1,0,0,11,20000,39600.0,171,746.6666666666666
1531401,1,1,1,1,0,0,11,20000,39600.0,263,1582.2222222222222
1531402,1,1,1,1,0,0,11,20000,39600.0,354,746.6666666666666
1531403,1,1,1,1,0,0,11,20000,39600.0,364,746.6666666666666
1531404,1,1,1,1,0,0,11,20000,46800.0,0,1582.2222222222222
1531405,1,1,1,1,0,0,11,20000,46800.0,79,746.6666666666666
1531406,1,1,1,1,0,0,11,20000,46800.0,171,746.6666666666666
1531407,1,1,1,1,0,0,11,20000,46800.0,263,1564.4444444444443
1531408,1,1,1,1,0,0,11,20000,46800.0,354,746.6666666666666
1531409,1,1,1,1,0,0,11,20000,46800.0,364,746.6666666666666
1531410,1,1,1,1,0,0,11,20000,57600.0,0,1528.888888888889
1531411,1,1,1,1,0,0,11,20000,57600.0,79,746.6666666666666
1531412,1,1,1,1,0,0,11,20000,57600.0,171,1457.7777777777778
1531413,1,1,1,1,0,0,11,20000,57600.0,263,746.6666666666666
1531414,1,1,1,1,0,0,11,20000,57600.0,354,746.6666666666666
1531415,1,1,1,1,0,0,11,20000,57600.0,364,746.6666666666666
1531416,1,1,1,1,0,0,11,20000,61200.0,0,746.6666666666666
1531417,1,1,1,1,0,0,11,20000,61200.0,79,1564.4444444444443
1531418,1,1,1,1,0,0,11,20000,61200.0,171,746.6666666666666
1531419,1,1,1,1,0,0,11,20000,61200.0,263,746.6666666666666
1531420,1,1,1,1,0,0,11,20000,61200.0,354,1564.4444444444443
1531421,1,1,1,1,0,0,11,20000,61200.0,364,746.6666666666666
1531422,1,1,1,1,0,0,11,20000,63000.0,0,746.6666666666666
1531423,1,1,1,1,0,0,11,20000,63000.0,79,746.6666666666666
1531424,1,1,1,1,0,0,11,20000,63000.0,171,746.6666666666666
1531425,1,1,1,1,0,0,11,20000,63000.0,263,1582.2222222222222
1531426,1,1,1,1,0,0,11,20000,63000.0,354,746.6666666666666
1531427,1,1,1,1,0,0,11,20000,63000.0,364,746.6666666666666
1531428,1,1,1,1,0,0,11,20000,75600.0,0,746.6666666666666
1531429,1,1,1,1,0,0,11,20000,75600.0,79,746.6666666666666
1531430,1,1,1,1,0,0,11,20000,75600.0,171,746.6666666666666
1531431,1,1,1,1,0,0,11,20000,75600.0,263,746.6666666666666
1531432,1,1,1,1,0,0,11,20000,75600.0,354,1582.2222222222222
1531433,1,1,1,1,0,0,11,20000,75600.0,364,746.6666666666666
1531434,1,1,1,1,0,0,11,20000,86399.0,0,1582.2222222222222
1531435,1,1,1,1,0,0,11,20000,86399.0,79,746.6666666666666
1531436,1,1,1,1,0,0,11,20000,86399.0,171,746.6666666666666
1531437,1,1,1,1,0,0,11,20000,86399.0,263,746.6666666666666
1531438,1,1,1,1,0,0,11,20000,86399.0,354,746.6666666666666
1531439,1,1,1,1,0,0,11,20000,86399.0,364,1582.2222222222222
1531440,1,1,1,1,0,2,3,10000,0.0,0,1715.5555555555557
1531441,1,1,1,1,0,2,3,10000,0.0,79,2497.777777777778
1531442,1,1,1,1,0,2,3,10000,0.0,171,1715.5555555555557
1531443,1,1,1,1,0,2,3,10000,0.0,263,2355.5555555555557
1531444,1,1,1,1,0,2,3,10000,0.0,354,1715.5555555555557
1531445,1,1,1,1,0,2,3,10000,0.0,364,1715.5555555555557
1531446,1,1,1,1,0,2,3,10000,10800.0,0,1715.5555555555557
1531447,1,1,1,1,0,2,3,10000,10800.0,79,1715.5555555555557
1531448,1,1,1,1,0,2,3,10000,10800.0,171,1715.5555555555557
1531449,1,1,1,1,0,2,3,10000,10800.0,263,1715.5555555555557
1531450,1,1,1,1,0,2,3,10000,10800.0,354,2488.8888888888887
1531451,1,1,1,1,0,2,3,10000,10800.0,364,1715.5555555555557
1531452,1,1,1,1,0,2,3,10000,21600.0,0,1715.5555555555557
1531453,1,1,1,1,0,2,3,10000,21600.0,79,2515.5555555555557
1531454,1,1,1,1,0,2,3,10000,21600.0,171,2586.6666666666665
1531455,1,1,1,1,0,2,3,10000,21600.0,263,1715.5555555555557
1531456,1,1,1,1,0,2,3,10000,21600.0,354,1715.5555555555557
1531457,1,1,1,1,0,2,3,10000,21600.0,364,2560.0
1531458,1,1,1,1,0,2,3,10000,25200.0,0,1715.5555555555557
1531459,1,1,1,1,0,2,3,10000,25200.0,79,1715.5555555555557
1531460,1,1,1,1,0,2,3,10000,25200.0,171,1715.5555555555557
1531461,1,1,1,1,0,2,3,10000,25200.0,263,2595.5555555555557
1531462,1,1,1,1,0,2,3,10000,25200.0,354,1715.5555555555557
1531463,1,1,1,1,0,2,3,10000,25200.0,364,1715.5555555555557
1531464,1,1,1,1,0,2,3,10000,27000.0,0,1715.5555555555557
1531465,1,1,1,1,0,2,3,10000,27000.0,79,2577.777777777778
1531466,1,1,1,1,0,2,3,10000,27000.0,171,2355.5555555555557
1531467,1,1,1,1,0,2,3,10000,27000.0,263,1715.5555555555557
1531468,1,1,1,1,0,2,3,10000,27000.0,354,2453.3333333333335
1531469,1,1,1,1,0,2,3,10000,27000.0,364,1715.5555555555557
1531470,1,1,1,1,0,2,3,10000,39600.0,0,1715.5555555555557
1531471,1,1,1,1,0,2,3,10000,39600.0,79,2515.5555555555557
1531472,1,1,1,1,0,2,3,10000,39600.0,171,2542.222222222222
1531473,1,1,1,1,0,2,3,10000,39600.0,263,1715.5555555555557
1531474,1,1,1,1,0,2,3,10000,39600.0,354,2435.5555555555557
1531475,1,1,1,1,0,2,3,10000,39600.0,364,2604.4444444444443
1531476,1,1,1,1,0,2,3,10000,46800.0,0,2453.3333333333335
1531477,1,1,1,1,0,2,3,10000,46800.0,79,1715.5555555555557
1531478,1,1,1,1,0,2,3,10000,46800.0,171,1715.5555555555557
1531479,1,1,1,1,0,2,3,10000,46800.0,263,1715.5555555555557
1531480,1,1,1,1,0,2,3,10000,46800.0,354,2444.4444444444443
1531481,1,1,1,1,0,2,3,10000,46800.0,364,1715.5555555555557
1531482,1,1,1,1,0,2,3,10000,57600.0,0,2408.8888888888887
1531483,1,1,1,1,0,2,3,10000,57600.0,79,1715.5555555555557
1531484,1,1,1,1,0,2,3,10000,57600.0,171,1715.5555555555557
1531485,1,1,1,1,0,2,3,10000,57600.0,263,1715.5555555555557
1531486,1,1,1,1,0,2,3,10000,57600.0,354,1715.5555555555557
1531487,1,1,1,1,0,2,3,10000,57600.0,364,2337.777777777778
1531488,1,1,1,1,0,2,3,10000,61200.0,0,2355.5555555555557
1531489,1,1,1,1,0,2,3,10000,61200.0,79,1715.5555555555557
1531490,1,1,1,1,0,2,3,10000,61200.0,171,2133.3333333333335
1531491,1,1,1,1,0,2,3,10000,61200.0,263,2560.0
1531492,1,1,1,1,0,2,3,10000,61200.0,354,1715.5555555555557
1531493,1,1,1,1,0,2,3,10000,61200.0,364,1715.5555555555557
1531494,1,1,1,1,0,2,3,10000,63000.0,0,2480.0
1531495,1,1,1,1,0,2,3,10000,63000.0,79,1715.5555555555557
1531496,1,1,1,1,0,2,3,10000,63000.0,171,1715.5555555555557
1531497,1,1,1,1,0,2,3,10000,63000.0,263,2355.5555555555557
1531498,1,1,1,1,0,2,3,10000,63000.0,354,2453.3333333333335
1531499,1,1,1,1,0,2,3,10000,63000.0,364,1715.5555555555557
1531500,1,1,1,1,0,2,3,10000,75600.0,0,2346.6666666666665
1531501,1,1,1,1,0,2,3,10000,75600.0,79,1715.5555555555557
1531502,1,1,1,1,0,2,3,10000,75600.0,171,2551.1111111111113
1531503,1,1,1,1,0,2,3,10000,75600.0,263,1715.5555555555557
1531504,1,1,1,1,0,2,3,10000,75600.0,354,1715.5555555555557
1531505,1,1,1,1,0,2,3,10000,75600.0,364,1715.5555555555557
1531506,1,1,1,1,0,2,3,10000,86399.0,0,1715.5555555555557
1531507,1,1,1,1,0,2,3,10000,86399.0,79,2506.6666666666665
1531508,1,1,1,1,0,2,3,10000,86399.0,171,2515.5555555555557
1531509,1,1,1,1,0,2,3,10000,86399.0,263,1715.5555555555557
1531510,1,1,1,1,0,2,3,10000,86399.0,354,2542.222222222222
1531511,1,1,1,1,0,2,3,10000,86399.0,364,2568.8888888888887
1531512,1,1,1,1,0,2,3,15000,0.0,0,1893.3333333333333
1531513,1,1,1,1,0,2,3,15000,0.0,79,1893.3333333333333
1531514,1,1,1,1,0,2,3,15000,0.0,171,1893.3333333333333
1531515,1,1,1,1,0,2,3,15000,0.0,263,2386.6666666666665
1531516,1,1,1,1,0,2,3,15000,0.0,354,1893.3333333333333
1531517,1,1,1,1,0,2,3,15000,0.0,364,1893.3333333333333
1531518,1,1,1,1,0,2,3,15000,10800.0,0,2333.3333333333335
1531519,1,1,1,1,0,2,3,15000,10800.0,79,2306.6666666666665
1531520,1,1,1,1,0,2,3,15000,10800.0,171,2373.3333333333335
1531521,1,1,1,1,0,2,3,15000,10800.0,263,1893.3333333333333
1531522,1,1,1,1,0,2,3,15000,10800.0,354,1893.3333333333333
1531523,1,1,1,1,0,2,3,15000,10800.0,364,2333.3333333333335
1531524,1,1,1,1,0,2,3,15000,21600.0,0,2360.0
1531525,1,1,1,1,0,2,3,15000,21600.0,79,1893.3333333333333
1531526,1,1,1,1,0,2,3,15000,21600.0,171,1893.3333333333333
1531527,1,1,1,1,0,2,3,15000,21600.0,263,2280.0
1531528,1,1,1,1,0,2,3,15000,21600.0,354,1893.3333333333333
1531529,1,1,1,1,0,2,3,15000,21600.0,364,1893.3333333333333
1531530,1,1,1,1,0,2,3,15000,25200.0,0,1893.3333333333333
1531531,1,1,1,1,0,2,3,15000,25200.0,79,1893.3333333333333
1531532,1,1,1,1,0,2,3,15000,25200.0,171,1893.3333333333333
1531533,1,1,1,1,0,2,3,15000,25200.0,263,1893.3333333333333
1531534,1,1,1,1,0,2,3,15000,25200.0,354,1893.3333333333333
1531535,1,1,1,1,0,2,3,15000,25200.0,364,2306.6666666666665
1531536,1,1,1,1,0,2,3,15000,27000.0,0,2226.6666666666665
1531537,1,1,1,1,0,2,3,15000,27000.0,79,1893.3333333333333
1531538,1,1,1,1,0,2,3,15000,27000.0,171,1893.3333333333333
1531539,1,1,1,1,0,2,3,15000,27000.0,263,1893.3333333333333
1531540,1,1,1,1,0,2,3,15000,27000.0,354,1893.3333333333333
1531541,1,1,1,1,0,2,3,15000,27000.0,364,2306.6666666666665
1531542,1,1,1,1,0,2,3,15000,39600.0,0,1893.3333333333333
1531543,1,1,1,1,0,2,3,15000,39600.0,79,1893.3333333333333
1531544,1,1,1,1,0,2,3,15000,39600.0,171,2346.6666666666665
1531545,1,1,1,1,0,2,3,15000,39600.0,263,1893.3333333333333
1531546,1,1,1,1,0,2,3,15000,39600.0,354,1893.3333333333333
1531547,1,1,1,1,0,2,3,15000,39600.0,364,2346.6666666666665
1531548,1,1,1,1,0,2,3,15000,46800.0,0,1893.3333333333333
1531549,1,1,1,1,0,2,3,15000,46800.0,79,2200.0
1531550,1,1,1,1,0,2,3,15000,46800.0,171,1893.3333333333333
1531551,1,1,1,1,0,2,3,15000,46800.0,263,2373.3333333333335
1531552,1,1,1,1,0,2,3,15000,46800.0,354,2093.3333333333335
1531553,1,1,1,1,0,2,3,15000,46800.0,364,2320.0
1531554,1,1,1,1,0,2,3,15000,57600.0,0,1893.3333333333333
1531555,1,1,1,1,0,2,3,15000,57600.0,79,1893.3333333333333
1531556,1,1,1,1,0,2,3,15000,57600.0,171,1893.3333333333333
1531557,1,1,1,1,0,2,3,15000,57600.0,263,2360.0
1531558,1,1,1,1,0,2,3,15000,57600.0,354,2333.3333333333335
1531559,1,1,1,1,0,2,3,15000,57600.0,364,2346.6666666666665
1531560,1,1,1,1,0,2,3,15000,61200.0,0,2333.3333333333335
1531561,1,1,1,1,0,2,3,15000,61200.0,79,2320.0
1531562,1,1,1,1,0,2,3,15000,61200.0,171,2346.6666666666665
1531563,1,1,1,1,0,2,3,15000,61200.0,263,1893.3333333333333
1531564,1,1,1,1,0,2,3,15000,61200.0,354,2333.3333333333335
1531565,1,1,1,1,0,2,3,15000,61200.0,364,1893.3333333333333
1531566,1,1,1,1,0,2,3,15000,63000.0,0,2200.0
1531567,1,1,1,1,0,2,3,15000,63000.0,79,1893.3333333333333
1531568,1,1,1,1,0,2,3,15000,63000.0,171,1893.3333333333333
1531569,1,1,1,1,0,2,3,15000,63000.0,263,1893.3333333333333
1531570,1,1,1,1,0,2,3,15000,63000.0,354,1893.3333333333333
1531571,1,1,1,1,0,2,3,15000,63000.0,364,1893.3333333333333
1531572,1,1,1,1,0,2,3,15000,75600.0,0,2280.0
1531573,1,1,1,1,0,2,3,15000,75600.0,79,1893.3333333333333
1531574,1,1,1,1,0,2,3,15000,75600.0,171,2186.6666666666665
1531575,1,1,1,1,0,2,3,15000,75600.0,263,1893.3333333333333
1531576,1,1,1,1,0,2,3,15000,75600.0,354,1893.3333333333333
1531577,1,1,1,1,0,2,3,15000,75600.0,364,1893.3333333333333
1531578,1,1,1,1,0,2,3,15000,86399.0,0,1893.3333333333333
1531579,1,1,1,1,0,2,3,15000,86399.0,79,2253.3333333333335
1531580,1,1,1,1,0,2,3,15000,86399.0,171,2213.3333333333335
1531581,1,1,1,1,0,2,3,15000,86399.0,263,1893.3333333333333
1531582,1,1,1,1,0,2,3,15000,86399.0,354,1880.0
1531583,1,1,1,1,0,2,3,15000,86399.0,364,1893.3333333333333
1531584,1,1,1,1,0,2,3,20000,0.0,0,2382.222222222222
1531585,1,1,1,1,0,2,3,20000,0.0,79,2666.6666666666665
1531586,1,1,1,1,0,2,3,20000,0.0,171,1635.5555555555557
1531587,1,1,1,1,0,2,3,20000,0.0,263,1635.5555555555557
1531588,1,1,1,1,0,2,3,20000,0.0,354,1760.0
1531589,1,1,1,1,0,2,3,20000,0.0,364,1635.5555555555557
1531590,1,1,1,1,0,2,3,20000,10800.0,0,2364.4444444444443
1531591,1,1,1,1,0,2,3,20000,10800.0,79,1635.5555555555557
1531592,1,1,1,1,0,2,3,20000,10800.0,171,1635.5555555555557
1531593,1,1,1,1,0,2,3,20000,10800.0,263,1635.5555555555557
1531594,1,1,1,1,0,2,3,20000,10800.0,354,1635.5555555555557
1531595,1,1,1,1,0,2,3,20000,10800.0,364,1635.5555555555557
1531596,1,1,1,1,0,2,3,20000,21600.0,0,2648.8888888888887
1531597,1,1,1,1,0,2,3,20000,21600.0,79,1635.5555555555557
1531598,1,1,1,1,0,2,3,20000,21600.0,171,1635.5555555555557
1531599,1,1,1,1,0,2,3,20000,21600.0,263,1635.5555555555557
1531600,1,1,1,1,0,2,3,20000,21600.0,354,1635.5555555555557
1531601,1,1,1,1,0,2,3,20000,21600.0,364,2648.8888888888887
1531602,1,1,1,1,0,2,3,20000,25200.0,0,1635.5555555555557
1531603,1,1,1,1,0,2,3,20000,25200.0,79,1635.5555555555557
1531604,1,1,1,1,0,2,3,20000,25200.0,171,1635.5555555555557
1531605,1,1,1,1,0,2,3,20000,25200.0,263,1635.5555555555557
1531606,1,1,1,1,0,2,3,20000,25200.0,354,1635.5555555555557
1531607,1,1,1,1,0,2,3,20000,25200.0,364,2595.5555555555557
1531608,1,1,1,1,0,2,3,20000,27000.0,0,1635.5555555555557
1531609,1,1,1,1,0,2,3,20000,27000.0,79,1653.3333333333333
1531610,1,1,1,1,0,2,3,20000,27000.0,171,2506.6666666666665
1531611,1,1,1,1,0,2,3,20000,27000.0,263,2595.5555555555557
1531612,1,1,1,1,0,2,3,20000,27000.0,354,1635.5555555555557
1531613,1,1,1,1,0,2,3,20000,27000.0,364,2648.8888888888887
1531614,1,1,1,1,0,2,3,20000,39600.0,0,1635.5555555555557
1531615,1,1,1,1,0,2,3,20000,39600.0,79,1653.3333333333333
1531616,1,1,1,1,0,2,3,20000,39600.0,171,1813.3333333333333
1531617,1,1,1,1,0,2,3,20000,39600.0,263,2328.8888888888887
1531618,1,1,1,1,0,2,3,20000,39600.0,354,2542.222222222222
1531619,1,1,1,1,0,2,3,20000,39600.0,364,1635.5555555555557
1531620,1,1,1,1,0,2,3,20000,46800.0,0,1635.5555555555557
1531621,1,1,1,1,0,2,3,20000,46800.0,79,1635.5555555555557
1531622,1,1,1,1,0,2,3,20000,46800.0,171,2115.5555555555557
1531623,1,1,1,1,0,2,3,20000,46800.0,263,1635.5555555555557
1531624,1,1,1,1,0,2,3,20000,46800.0,354,2311.1111111111113
1531625,1,1,1,1,0,2,3,20000,46800.0,364,1635.5555555555557
1531626,1,1,1,1,0,2,3,20000,57600.0,0,2488.8888888888887
1531627,1,1,1,1,0,2,3,20000,57600.0,79,2648.8888888888887
1531628,1,1,1,1,0,2,3,20000,57600.0,171,2577.777777777778
1531629,1,1,1,1,0,2,3,20000,57600.0,263,1635.5555555555557
1531630,1,1,1,1,0,2,3,20000,57600.0,354,2648.8888888888887
1531631,1,1,1,1,0,2,3,20000,57600.0,364,1635.5555555555557
1531632,1,1,1,1,0,2,3,20000,61200.0,0,2648.8888888888887
1531633,1,1,1,1,0,2,3,20000,61200.0,79,2382.222222222222
1531634,1,1,1,1,0,2,3,20000,61200.0,171,1742.2222222222222
1531635,1,1,1,1,0,2,3,20000,61200.0,263,1635.5555555555557
1531636,1,1,1,1,0,2,3,20000,61200.0,354,1635.5555555555557
1531637,1,1,1,1,0,2,3,20000,61200.0,364,1635.5555555555557
1531638,1,1,1,1,0,2,3,20000,63000.0,0,1635.5555555555557
1531639,1,1,1,1,0,2,3,20000,63000.0,79,1635.5555555555557
1531640,1,1,1,1,0,2,3,20000,63000.0,171,1635.5555555555557
1531641,1,1,1,1,0,2,3,20000,63000.0,263,1635.5555555555557
1531642,1,1,1,1,0,2,3,20000,63000.0,354,2648.8888888888887
1531643,1,1,1,1,0,2,3,20000,63000.0,364,1706.6666666666667
1531644,1,1,1,1,0,2,3,20000,75600.0,0,2542.222222222222
1531645,1,1,1,1,0,2,3,20000,75600.0,79,1635.5555555555557
1531646,1,1,1,1,0,2,3,20000,75600.0,171,2648.8888888888887
1531647,1,1,1,1,0,2,3,20000,75600.0,263,2648.8888888888887
1531648,1,1,1,1,0,2,3,20000,75600.0,354,2648.8888888888887
1531649,1,1,1,1,0,2,3,20000,75600.0,364,1635.5555555555557
1531650,1,1,1,1,0,2,3,20000,86399.0,0,1635.5555555555557
1531651,1,1,1,1,0,2,3,20000,86399.0,79,1635.5555555555557
1531652,1,1,1,1,0,2,3,20000,86399.0,171,1635.5555555555557
1531653,1,1,1,1,0,2,3,20000,86399.0,263,2648.8888888888887
1531654,1,1,1,1,0,2,3,20000,86399.0,354,1635.5555555555557
1531655,1,1,1,1,0,2,3,20000,86399.0,364,1635.5555555555557
1531656,1,1,1,1,0,2,5,10000,0.0,0,1991.111111111111
1531657,1,1,1,1,0,2,5,10000,0.0,79,1991.111111111111
1531658,1,1,1,1,0,2,5,10000,0.0,171,1991.111111111111
1531659,1,1,1,1,0,2,5,10000,0.0,263,1991.111111111111
1531660,1,1,1,1,0,2,5,10000,0.0,354,1991.111111111111
1531661,1,1,1,1,0,2,5,10000,0.0,364,1991.111111111111
1531662,1,1,1,1,0,2,5,10000,10800.0,0,2977.777777777778
1531663,1,1,1,1,0,2,5,10000,10800.0,79,2942.222222222222
1531664,1,1,1,1,0,2,5,10000,10800.0,171,1991.111111111111
1531665,1,1,1,1,0,2,5,10000,10800.0,263,3004.4444444444443
1531666,1,1,1,1,0,2,5,10000,10800.0,354,1991.111111111111
1531667,1,1,1,1,0,2,5,10000,10800.0,364,2693.3333333333335
1531668,1,1,1,1,0,2,5,10000,21600.0,0,2942.222222222222
1531669,1,1,1,1,0,2,5,10000,21600.0,79,1991.111111111111
1531670,1,1,1,1,0,2,5,10000,21600.0,171,2800.0
1531671,1,1,1,1,0,2,5,10000,21600.0,263,2844.4444444444443
1531672,1,1,1,1,0,2,5,10000,21600.0,354,1991.111111111111
1531673,1,1,1,1,0,2,5,10000,21600.0,364,3031.1111111111113
1531674,1,1,1,1,0,2,5,10000,25200.0,0,1991.111111111111
1531675,1,1,1,1,0,2,5,10000,25200.0,79,1991.111111111111
1531676,1,1,1,1,0,2,5,10000,25200.0,171,2835.5555555555557
1531677,1,1,1,1,0,2,5,10000,25200.0,263,1991.111111111111
1531678,1,1,1,1,0,2,5,10000,25200.0,354,1991.111111111111
1531679,1,1,1,1,0,2,5,10000,25200.0,364,1991.111111111111
1531680,1,1,1,1,0,2,5,10000,27000.0,0,2915.5555555555557
1531681,1,1,1,1,0,2,5,10000,27000.0,79,2888.8888888888887
1531682,1,1,1,1,0,2,5,10000,27000.0,171,1991.111111111111
1531683,1,1,1,1,0,2,5,10000,27000.0,263,1991.111111111111
1531684,1,1,1,1,0,2,5,10000,27000.0,354,3048.8888888888887
1531685,1,1,1,1,0,2,5,10000,27000.0,364,1991.111111111111
1531686,1,1,1,1,0,2,5,10000,39600.0,0,2933.3333333333335
1531687,1,1,1,1,0,2,5,10000,39600.0,79,1991.111111111111
1531688,1,1,1,1,0,2,5,10000,39600.0,171,2391.1111111111113
1531689,1,1,1,1,0,2,5,10000,39600.0,263,1991.111111111111
1531690,1,1,1,1,0,2,5,10000,39600.0,354,1991.111111111111
1531691,1,1,1,1,0,2,5,10000,39600.0,364,1991.111111111111
1531692,1,1,1,1,0,2,5,10000,46800.0,0,1991.111111111111
1531693,1,1,1,1,0,2,5,10000,46800.0,79,1991.111111111111
1531694,1,1,1,1,0,2,5,10000,46800.0,171,3004.4444444444443
1531695,1,1,1,1,0,2,5,10000,46800.0,263,1991.111111111111
1531696,1,1,1,1,0,2,5,10000,46800.0,354,1991.111111111111
1531697,1,1,1,1,0,2,5,10000,46800.0,364,2995.5555555555557
1531698,1,1,1,1,0,2,5,10000,57600.0,0,2933.3333333333335
1531699,1,1,1,1,0,2,5,10000,57600.0,79,2862.222222222222
1531700,1,1,1,1,0,2,5,10000,57600.0,171,1991.111111111111
1531701,1,1,1,1,0,2,5,10000,57600.0,263,2711.1111111111113
1531702,1,1,1,1,0,2,5,10000,57600.0,354,1991.111111111111
1531703,1,1,1,1,0,2,5,10000,57600.0,364,2960.0
1531704,1,1,1,1,0,2,5,10000,61200.0,0,1991.111111111111
1531705,1,1,1,1,0,2,5,10000,61200.0,79,2897.777777777778
1531706,1,1,1,1,0,2,5,10000,61200.0,171,1991.111111111111
1531707,1,1,1,1,0,2,5,10000,61200.0,263,1991.111111111111
1531708,1,1,1,1,0,2,5,10000,61200.0,354,2755.5555555555557
1531709,1,1,1,1,0,2,5,10000,61200.0,364,2933.3333333333335
1531710,1,1,1,1,0,2,5,10000,63000.0,0,2684.4444444444443
1531711,1,1,1,1,0,2,5,10000,63000.0,79,1991.111111111111
1531712,1,1,1,1,0,2,5,10000,63000.0,171,2906.6666666666665
1531713,1,1,1,1,0,2,5,10000,63000.0,263,2968.8888888888887
1531714,1,1,1,1,0,2,5,10000,63000.0,354,1991.111111111111
1531715,1,1,1,1,0,2,5,10000,63000.0,364,1991.111111111111
1531716,1,1,1,1,0,2,5,10000,75600.0,0,1991.111111111111
1531717,1,1,1,1,0,2,5,10000,75600.0,79,1991.111111111111
1531718,1,1,1,1,0,2,5,10000,75600.0,171,1991.111111111111
1531719,1,1,1,1,0,2,5,10000,75600.0,263,1991.111111111111
1531720,1,1,1,1,0,2,5,10000,75600.0,354,1991.111111111111
1531721,1,1,1,1,0,2,5,10000,75600.0,364,2960.0
1531722,1,1,1,1,0,2,5,10000,86399.0,0,1991.111111111111
1531723,1,1,1,1,0,2,5,10000,86399.0,79,1991.111111111111
1531724,1,1,1,1,0,2,5,10000,86399.0,171,3004.4444444444443
1531725,1,1,1,1,0,2,5,10000,86399.0,263,1991.111111111111
1531726,1,1,1,1,0,2,5,10000,86399.0,354,2195.5555555555557
1531727,1,1,1,1,0,2,5,10000,86399.0,364,1991.111111111111
1531728,1,1,1,1,0,2,5,15000,0.0,0,2053.3333333333335
1531729,1,1,1,1,0,2,5,15000,0.0,79,2533.3333333333335
1531730,1,1,1,1,0,2,5,15000,0.0,171,2453.3333333333335
1531731,1,1,1,1,0,2,5,15000,0.0,263,2053.3333333333335
1531732,1,1,1,1,0,2,5,15000,0.0,354,2053.3333333333335
1531733,1,1,1,1,0,2,5,15000,0.0,364,2053.3333333333335
1531734,1,1,1,1,0,2,5,15000,10800.0,0,2533.3333333333335
1531735,1,1,1,1,0,2,5,15000,10800.0,79,2053.3333333333335
1531736,1,1,1,1,0,2,5,15000,10800.0,171,2053.3333333333335
1531737,1,1,1,1,0,2,5,15000,10800.0,263,2053.3333333333335
1531738,1,1,1,1,0,2,5,15000,10800.0,354,2466.6666666666665
1531739,1,1,1,1,0,2,5,15000,10800.0,364,2053.3333333333335
1531740,1,1,1,1,0,2,5,15000,21600.0,0,2053.3333333333335
1531741,1,1,1,1,0,2,5,15000,21600.0,79,2053.3333333333335
1531742,1,1,1,1,0,2,5,15000,21600.0,171,2573.3333333333335
1531743,1,1,1,1,0,2,5,15000,21600.0,263,2053.3333333333335
1531744,1,1,1,1,0,2,5,15000,21600.0,354,2560.0
1531745,1,1,1,1,0,2,5,15000,21600.0,364,2506.6666666666665
1531746,1,1,1,1,0,2,5,15000,25200.0,0,2533.3333333333335
1531747,1,1,1,1,0,2,5,15000,25200.0,79,2520.0
1531748,1,1,1,1,0,2,5,15000,25200.0,171,2053.3333333333335
1531749,1,1,1,1,0,2,5,15000,25200.0,263,2520.0
1531750,1,1,1,1,0,2,5,15000,25200.0,354,2520.0
1531751,1,1,1,1,0,2,5,15000,25200.0,364,2053.3333333333335
1531752,1,1,1,1,0,2,5,15000,27000.0,0,2440.0
1531753,1,1,1,1,0,2,5,15000,27000.0,79,2053.3333333333335
1531754,1,1,1,1,0,2,5,15000,27000.0,171,2053.3333333333335
1531755,1,1,1,1,0,2,5,15000,27000.0,263,2053.3333333333335
1531756,1,1,1,1,0,2,5,15000,27000.0,354,2586.6666666666665
1531757,1,1,1,1,0,2,5,15000,27000.0,364,2053.3333333333335
1531758,1,1,1,1,0,2,5,15000,39600.0,0,2053.3333333333335
1531759,1,1,1,1,0,2,5,15000,39600.0,79,2053.3333333333335
1531760,1,1,1,1,0,2,5,15000,39600.0,171,2560.0
1531761,1,1,1,1,0,2,5,15000,39600.0,263,2053.3333333333335
1531762,1,1,1,1,0,2,5,15000,39600.0,354,2440.0
1531763,1,1,1,1,0,2,5,15000,39600.0,364,2493.3333333333335
1531764,1,1,1,1,0,2,5,15000,46800.0,0,2573.3333333333335
1531765,1,1,1,1,0,2,5,15000,46800.0,79,2053.3333333333335
1531766,1,1,1,1,0,2,5,15000,46800.0,171,2493.3333333333335
1531767,1,1,1,1,0,2,5,15000,46800.0,263,2506.6666666666665
1531768,1,1,1,1,0,2,5,15000,46800.0,354,2053.3333333333335
1531769,1,1,1,1,0,2,5,15000,46800.0,364,2053.3333333333335
1531770,1,1,1,1,0,2,5,15000,57600.0,0,2053.3333333333335
1531771,1,1,1,1,0,2,5,15000,57600.0,79,2413.3333333333335
1531772,1,1,1,1,0,2,5,15000,57600.0,171,2506.6666666666665
1531773,1,1,1,1,0,2,5,15000,57600.0,263,2053.3333333333335
1531774,1,1,1,1,0,2,5,15000,57600.0,354,2533.3333333333335
1531775,1,1,1,1,0,2,5,15000,57600.0,364,2493.3333333333335
1531776,1,1,1,1,0,2,5,15000,61200.0,0,2560.0
1531777,1,1,1,1,0,2,5,15000,61200.0,79,2200.0
1531778,1,1,1,1,0,2,5,15000,61200.0,171,2493.3333333333335
1531779,1,1,1,1,0,2,5,15000,61200.0,263,2480.0
1531780,1,1,1,1,0,2,5,15000,61200.0,354,2560.0
1531781,1,1,1,1,0,2,5,15000,61200.0,364,2080.0
1531782,1,1,1,1,0,2,5,15000,63000.0,0,2053.3333333333335
1531783,1,1,1,1,0,2,5,15000,63000.0,79,2560.0
1531784,1,1,1,1,0,2,5,15000,63000.0,171,2053.3333333333335
1531785,1,1,1,1,0,2,5,15000,63000.0,263,2053.3333333333335
1531786,1,1,1,1,0,2,5,15000,63000.0,354,2533.3333333333335
1531787,1,1,1,1,0,2,5,15000,63000.0,364,2053.3333333333335
1531788,1,1,1,1,0,2,5,15000,75600.0,0,2560.0
1531789,1,1,1,1,0,2,5,15000,75600.0,79,2053.3333333333335
1531790,1,1,1,1,0,2,5,15000,75600.0,171,2053.3333333333335
1531791,1,1,1,1,0,2,5,15000,75600.0,263,2053.3333333333335
1531792,1,1,1,1,0,2,5,15000,75600.0,354,2053.3333333333335
1531793,1,1,1,1,0,2,5,15000,75600.0,364,2053.3333333333335
1531794,1,1,1,1,0,2,5,15000,86399.0,0,2560.0
1531795,1,1,1,1,0,2,5,15000,86399.0,79,2053.3333333333335
1531796,1,1,1,1,0,2,5,15000,86399.0,171,2533.3333333333335
1531797,1,1,1,1,0,2,5,15000,86399.0,263,2053.3333333333335
1531798,1,1,1,1,0,2,5,15000,86399.0,354,2440.0
1531799,1,1,1,1,0,2,5,15000,86399.0,364,2586.6666666666665
1531800,1,1,1,1,0,2,5,20000,0.0,0,2791.1111111111113
1531801,1,1,1,1,0,2,5,20000,0.0,79,1724.4444444444443
1531802,1,1,1,1,0,2,5,20000,0.0,171,1724.4444444444443
1531803,1,1,1,1,0,2,5,20000,0.0,263,1724.4444444444443
1531804,1,1,1,1,0,2,5,20000,0.0,354,1724.4444444444443
1531805,1,1,1,1,0,2,5,20000,0.0,364,2773.3333333333335
1531806,1,1,1,1,0,2,5,20000,10800.0,0,1724.4444444444443
1531807,1,1,1,1,0,2,5,20000,10800.0,79,1724.4444444444443
1531808,1,1,1,1,0,2,5,20000,10800.0,171,2737.777777777778
1531809,1,1,1,1,0,2,5,20000,10800.0,263,2720.0
1531810,1,1,1,1,0,2,5,20000,10800.0,354,1724.4444444444443
1531811,1,1,1,1,0,2,5,20000,10800.0,364,1724.4444444444443
1531812,1,1,1,1,0,2,5,20000,21600.0,0,2773.3333333333335
1531813,1,1,1,1,0,2,5,20000,21600.0,79,2808.8888888888887
1531814,1,1,1,1,0,2,5,20000,21600.0,171,2773.3333333333335
1531815,1,1,1,1,0,2,5,20000,21600.0,263,2773.3333333333335
1531816,1,1,1,1,0,2,5,20000,21600.0,354,2275.5555555555557
1531817,1,1,1,1,0,2,5,20000,21600.0,364,1724.4444444444443
1531818,1,1,1,1,0,2,5,20000,25200.0,0,1724.4444444444443
1531819,1,1,1,1,0,2,5,20000,25200.0,79,2791.1111111111113
1531820,1,1,1,1,0,2,5,20000,25200.0,171,2666.6666666666665
1531821,1,1,1,1,0,2,5,20000,25200.0,263,1724.4444444444443
1531822,1,1,1,1,0,2,5,20000,25200.0,354,2791.1111111111113
1531823,1,1,1,1,0,2,5,20000,25200.0,364,1724.4444444444443
1531824,1,1,1,1,0,2,5,20000,27000.0,0,2773.3333333333335
1531825,1,1,1,1,0,2,5,20000,27000.0,79,1724.4444444444443
1531826,1,1,1,1,0,2,5,20000,27000.0,171,2791.1111111111113
1531827,1,1,1,1,0,2,5,20000,27000.0,263,1724.4444444444443
1531828,1,1,1,1,0,2,5,20000,27000.0,354,1724.4444444444443
1531829,1,1,1,1,0,2,5,20000,27000.0,364,1724.4444444444443
1531830,1,1,1,1,0,2,5,20000,39600.0,0,1724.4444444444443
1531831,1,1,1,1,0,2,5,20000,39600.0,79,1724.4444444444443
1531832,1,1,1,1,0,2,5,20000,39600.0,171,2791.1111111111113
1531833,1,1,1,1,0,2,5,20000,39600.0,263,1724.4444444444443
1531834,1,1,1,1,0,2,5,20000,39600.0,354,2773.3333333333335
1531835,1,1,1,1,0,2,5,20000,39600.0,364,1724.4444444444443
1531836,1,1,1,1,0,2,5,20000,46800.0,0,1724.4444444444443
1531837,1,1,1,1,0,2,5,20000,46800.0,79,1724.4444444444443
1531838,1,1,1,1,0,2,5,20000,46800.0,171,1724.4444444444443
1531839,1,1,1,1,0,2,5,20000,46800.0,263,2720.0
1531840,1,1,1,1,0,2,5,20000,46800.0,354,2702.222222222222
1531841,1,1,1,1,0,2,5,20000,46800.0,364,1724.4444444444443
1531842,1,1,1,1,0,2,5,20000,57600.0,0,1724.4444444444443
1531843,1,1,1,1,0,2,5,20000,57600.0,79,1724.4444444444443
1531844,1,1,1,1,0,2,5,20000,57600.0,171,1760.0
1531845,1,1,1,1,0,2,5,20000,57600.0,263,1724.4444444444443
1531846,1,1,1,1,0,2,5,20000,57600.0,354,2773.3333333333335
1531847,1,1,1,1,0,2,5,20000,57600.0,364,2737.777777777778
1531848,1,1,1,1,0,2,5,20000,61200.0,0,1724.4444444444443
1531849,1,1,1,1,0,2,5,20000,61200.0,79,1724.4444444444443
1531850,1,1,1,1,0,2,5,20000,61200.0,171,2791.1111111111113
1531851,1,1,1,1,0,2,5,20000,61200.0,263,1724.4444444444443
1531852,1,1,1,1,0,2,5,20000,61200.0,354,2773.3333333333335
1531853,1,1,1,1,0,2,5,20000,61200.0,364,1724.4444444444443
1531854,1,1,1,1,0,2,5,20000,63000.0,0,1724.4444444444443
1531855,1,1,1,1,0,2,5,20000,63000.0,79,2702.222222222222
1531856,1,1,1,1,0,2,5,20000,63000.0,171,1724.4444444444443
1531857,1,1,1,1,0,2,5,20000,63000.0,263,1724.4444444444443
1531858,1,1,1,1,0,2,5,20000,63000.0,354,1724.4444444444443
1531859,1,1,1,1,0,2,5,20000,63000.0,364,2773.3333333333335
1531860,1,1,1,1,0,2,5,20000,75600.0,0,1724.4444444444443
1531861,1,1,1,1,0,2,5,20000,75600.0,79,2773.3333333333335
1531862,1,1,1,1,0,2,5,20000,75600.0,171,1724.4444444444443
1531863,1,1,1,1,0,2,5,20000,75600.0,263,1724.4444444444443
1531864,1,1,1,1,0,2,5,20000,75600.0,354,1724.4444444444443
1531865,1,1,1,1,0,2,5,20000,75600.0,364,1724.4444444444443
1531866,1,1,1,1,0,2,5,20000,86399.0,0,2702.222222222222
1531867,1,1,1,1,0,2,5,20000,86399.0,79,1724.4444444444443
1531868,1,1,1,1,0,2,5,20000,86399.0,171,2755.5555555555557
1531869,1,1,1,1,0,2,5,20000,86399.0,263,1724.4444444444443
1531870,1,1,1,1,0,2,5,20000,86399.0,354,2773.3333333333335
1531871,1,1,1,1,0,2,5,20000,86399.0,364,2773.3333333333335
1531872,1,1,1,1,0,2,7,10000,0.0,0,3431.1111111111113
1531873,1,1,1,1,0,2,7,10000,0.0,79,3200.0
1531874,1,1,1,1,0,2,7,10000,0.0,171,2302.222222222222
1531875,1,1,1,1,0,2,7,10000,0.0,263,3440.0
1531876,1,1,1,1,0,2,7,10000,0.0,354,2302.222222222222
1531877,1,1,1,1,0,2,7,10000,0.0,364,3315.5555555555557
1531878,1,1,1,1,0,2,7,10000,10800.0,0,2302.222222222222
1531879,1,1,1,1,0,2,7,10000,10800.0,79,2302.222222222222
1531880,1,1,1,1,0,2,7,10000,10800.0,171,2302.222222222222
1531881,1,1,1,1,0,2,7,10000,10800.0,263,2302.222222222222
1531882,1,1,1,1,0,2,7,10000,10800.0,354,3422.222222222222
1531883,1,1,1,1,0,2,7,10000,10800.0,364,2302.222222222222
1531884,1,1,1,1,0,2,7,10000,21600.0,0,3128.8888888888887
1531885,1,1,1,1,0,2,7,10000,21600.0,79,3360.0
1531886,1,1,1,1,0,2,7,10000,21600.0,171,2302.222222222222
1531887,1,1,1,1,0,2,7,10000,21600.0,263,3040.0
1531888,1,1,1,1,0,2,7,10000,21600.0,354,2302.222222222222
1531889,1,1,1,1,0,2,7,10000,21600.0,364,2302.222222222222
1531890,1,1,1,1,0,2,7,10000,25200.0,0,2302.222222222222
1531891,1,1,1,1,0,2,7,10000,25200.0,79,3511.1111111111113
1531892,1,1,1,1,0,2,7,10000,25200.0,171,2302.222222222222
1531893,1,1,1,1,0,2,7,10000,25200.0,263,3111.1111111111113
1531894,1,1,1,1,0,2,7,10000,25200.0,354,2302.222222222222
1531895,1,1,1,1,0,2,7,10000,25200.0,364,2302.222222222222
1531896,1,1,1,1,0,2,7,10000,27000.0,0,2302.222222222222
1531897,1,1,1,1,0,2,7,10000,27000.0,79,2302.222222222222
1531898,1,1,1,1,0,2,7,10000,27000.0,171,3164.4444444444443
1531899,1,1,1,1,0,2,7,10000,27000.0,263,3280.0
1531900,1,1,1,1,0,2,7,10000,27000.0,354,2302.222222222222
1531901,1,1,1,1,0,2,7,10000,27000.0,364,2302.222222222222
1531902,1,1,1,1,0,2,7,10000,39600.0,0,2302.222222222222
1531903,1,1,1,1,0,2,7,10000,39600.0,79,2302.222222222222
1531904,1,1,1,1,0,2,7,10000,39600.0,171,3528.8888888888887
1531905,1,1,1,1,0,2,7,10000,39600.0,263,2302.222222222222
1531906,1,1,1,1,0,2,7,10000,39600.0,354,2968.8888888888887
1531907,1,1,1,1,0,2,7,10000,39600.0,364,2302.222222222222
1531908,1,1,1,1,0,2,7,10000,46800.0,0,2302.222222222222
1531909,1,1,1,1,0,2,7,10000,46800.0,79,3306.6666666666665
1531910,1,1,1,1,0,2,7,10000,46800.0,171,2302.222222222222
1531911,1,1,1,1,0,2,7,10000,46800.0,263,2302.222222222222
1531912,1,1,1,1,0,2,7,10000,46800.0,354,2302.222222222222
1531913,1,1,1,1,0,2,7,10000,46800.0,364,2302.222222222222
1531914,1,1,1,1,0,2,7,10000,57600.0,0,3271.1111111111113
1531915,1,1,1,1,0,2,7,10000,57600.0,79,2302.222222222222
1531916,1,1,1,1,0,2,7,10000,57600.0,171,2302.222222222222
1531917,1,1,1,1,0,2,7,10000,57600.0,263,3244.4444444444443
1531918,1,1,1,1,0,2,7,10000,57600.0,354,2302.222222222222
1531919,1,1,1,1,0,2,7,10000,57600.0,364,3288.8888888888887
1531920,1,1,1,1,0,2,7,10000,61200.0,0,2302.222222222222
1531921,1,1,1,1,0,2,7,10000,61200.0,79,2302.222222222222
1531922,1,1,1,1,0,2,7,10000,61200.0,171,2302.222222222222
1531923,1,1,1,1,0,2,7,10000,61200.0,263,2648.8888888888887
1531924,1,1,1,1,0,2,7,10000,61200.0,354,2364.4444444444443
1531925,1,1,1,1,0,2,7,10000,61200.0,364,3395.5555555555557
1531926,1,1,1,1,0,2,7,10000,63000.0,0,2302.222222222222
1531927,1,1,1,1,0,2,7,10000,63000.0,79,2302.222222222222
1531928,1,1,1,1,0,2,7,10000,63000.0,171,2826.6666666666665
1531929,1,1,1,1,0,2,7,10000,63000.0,263,2302.222222222222
1531930,1,1,1,1,0,2,7,10000,63000.0,354,3413.3333333333335
1531931,1,1,1,1,0,2,7,10000,63000.0,364,2302.222222222222
1531932,1,1,1,1,0,2,7,10000,75600.0,0,2302.222222222222
1531933,1,1,1,1,0,2,7,10000,75600.0,79,3413.3333333333335
1531934,1,1,1,1,0,2,7,10000,75600.0,171,3253.3333333333335
1531935,1,1,1,1,0,2,7,10000,75600.0,263,2302.222222222222
1531936,1,1,1,1,0,2,7,10000,75600.0,354,2302.222222222222
1531937,1,1,1,1,0,2,7,10000,75600.0,364,2302.222222222222
1531938,1,1,1,1,0,2,7,10000,86399.0,0,2488.8888888888887
1531939,1,1,1,1,0,2,7,10000,86399.0,79,3502.222222222222
1531940,1,1,1,1,0,2,7,10000,86399.0,171,3368.8888888888887
1531941,1,1,1,1,0,2,7,10000,86399.0,263,3351.1111111111113
1531942,1,1,1,1,0,2,7,10000,86399.0,354,3315.5555555555557
1531943,1,1,1,1,0,2,7,10000,86399.0,364,3262.222222222222
1531944,1,1,1,1,0,2,7,15000,0.0,0,2773.3333333333335
1531945,1,1,1,1,0,2,7,15000,0.0,79,2706.6666666666665
1531946,1,1,1,1,0,2,7,15000,0.0,171,2213.3333333333335
1531947,1,1,1,1,0,2,7,15000,0.0,263,2213.3333333333335
1531948,1,1,1,1,0,2,7,15000,0.0,354,2813.3333333333335
1531949,1,1,1,1,0,2,7,15000,0.0,364,2693.3333333333335
1531950,1,1,1,1,0,2,7,15000,10800.0,0,2720.0
1531951,1,1,1,1,0,2,7,15000,10800.0,79,2213.3333333333335
1531952,1,1,1,1,0,2,7,15000,10800.0,171,2213.3333333333335
1531953,1,1,1,1,0,2,7,15000,10800.0,263,2213.3333333333335
1531954,1,1,1,1,0,2,7,15000,10800.0,354,2640.0
1531955,1,1,1,1,0,2,7,15000,10800.0,364,2213.3333333333335
1531956,1,1,1,1,0,2,7,15000,21600.0,0,2213.3333333333335
1531957,1,1,1,1,0,2,7,15000,21600.0,79,2666.6666666666665
1531958,1,1,1,1,0,2,7,15000,21600.0,171,2813.3333333333335
1531959,1,1,1,1,0,2,7,15000,21600.0,263,2213.3333333333335
1531960,1,1,1,1,0,2,7,15000,21600.0,354,2626.6666666666665
1531961,1,1,1,1,0,2,7,15000,21600.0,364,2693.3333333333335
1531962,1,1,1,1,0,2,7,15000,25200.0,0,2786.6666666666665
1531963,1,1,1,1,0,2,7,15000,25200.0,79,2693.3333333333335
1531964,1,1,1,1,0,2,7,15000,25200.0,171,2213.3333333333335
1531965,1,1,1,1,0,2,7,15000,25200.0,263,2213.3333333333335
1531966,1,1,1,1,0,2,7,15000,25200.0,354,2213.3333333333335
1531967,1,1,1,1,0,2,7,15000,25200.0,364,2213.3333333333335
1531968,1,1,1,1,0,2,7,15000,27000.0,0,2213.3333333333335
1531969,1,1,1,1,0,2,7,15000,27000.0,79,2213.3333333333335
1531970,1,1,1,1,0,2,7,15000,27000.0,171,2213.3333333333335
1531971,1,1,1,1,0,2,7,15000,27000.0,263,2213.3333333333335
1531972,1,1,1,1,0,2,7,15000,27000.0,354,2760.0
1531973,1,1,1,1,0,2,7,15000,27000.0,364,2800.0
1531974,1,1,1,1,0,2,7,15000,39600.0,0,2213.3333333333335
1531975,1,1,1,1,0,2,7,15000,39600.0,79,2706.6666666666665
1531976,1,1,1,1,0,2,7,15000,39600.0,171,2213.3333333333335
1531977,1,1,1,1,0,2,7,15000,39600.0,263,2786.6666666666665
1531978,1,1,1,1,0,2,7,15000,39600.0,354,2213.3333333333335
1531979,1,1,1,1,0,2,7,15000,39600.0,364,2213.3333333333335
1531980,1,1,1,1,0,2,7,15000,46800.0,0,2666.6666666666665
1531981,1,1,1,1,0,2,7,15000,46800.0,79,2720.0
1531982,1,1,1,1,0,2,7,15000,46800.0,171,2773.3333333333335
1531983,1,1,1,1,0,2,7,15000,46800.0,263,2733.3333333333335
1531984,1,1,1,1,0,2,7,15000,46800.0,354,2760.0
1531985,1,1,1,1,0,2,7,15000,46800.0,364,2213.3333333333335
1531986,1,1,1,1,0,2,7,15000,57600.0,0,2213.3333333333335
1531987,1,1,1,1,0,2,7,15000,57600.0,79,2213.3333333333335
1531988,1,1,1,1,0,2,7,15000,57600.0,171,2213.3333333333335
1531989,1,1,1,1,0,2,7,15000,57600.0,263,2813.3333333333335
1531990,1,1,1,1,0,2,7,15000,57600.0,354,2213.3333333333335
1531991,1,1,1,1,0,2,7,15000,57600.0,364,2213.3333333333335
1531992,1,1,1,1,0,2,7,15000,61200.0,0,2800.0
1531993,1,1,1,1,0,2,7,15000,61200.0,79,2213.3333333333335
1531994,1,1,1,1,0,2,7,15000,61200.0,171,2213.3333333333335
1531995,1,1,1,1,0,2,7,15000,61200.0,263,2213.3333333333335
1531996,1,1,1,1,0,2,7,15000,61200.0,354,2213.3333333333335
1531997,1,1,1,1,0,2,7,15000,61200.0,364,2653.3333333333335
1531998,1,1,1,1,0,2,7,15000,63000.0,0,2800.0
1531999,1,1,1,1,0,2,7,15000,63000.0,79,2213.3333333333335
1532000,1,1,1,1,0,2,7,15000,63000.0,171,2213.3333333333335
1532001,1,1,1,1,0,2,7,15000,63000.0,263,2213.3333333333335
1532002,1,1,1,1,0,2,7,15000,63000.0,354,2253.3333333333335
1532003,1,1,1,1,0,2,7,15000,63000.0,364,2213.3333333333335
1532004,1,1,1,1,0,2,7,15000,75600.0,0,2213.3333333333335
1532005,1,1,1,1,0,2,7,15000,75600.0,79,2213.3333333333335
1532006,1,1,1,1,0,2,7,15000,75600.0,171,2213.3333333333335
1532007,1,1,1,1,0,2,7,15000,75600.0,263,2773.3333333333335
1532008,1,1,1,1,0,2,7,15000,75600.0,354,2813.3333333333335
1532009,1,1,1,1,0,2,7,15000,75600.0,364,2213.3333333333335
1532010,1,1,1,1,0,2,7,15000,86399.0,0,2213.3333333333335
1532011,1,1,1,1,0,2,7,15000,86399.0,79,2213.3333333333335
1532012,1,1,1,1,0,2,7,15000,86399.0,171,2826.6666666666665
1532013,1,1,1,1,0,2,7,15000,86399.0,263,2786.6666666666665
1532014,1,1,1,1,0,2,7,15000,86399.0,354,2213.3333333333335
1532015,1,1,1,1,0,2,7,15000,86399.0,364,2813.3333333333335
1532016,1,1,1,1,0,2,7,20000,0.0,0,2915.5555555555557
1532017,1,1,1,1,0,2,7,20000,0.0,79,1937.7777777777778
1532018,1,1,1,1,0,2,7,20000,0.0,171,2915.5555555555557
1532019,1,1,1,1,0,2,7,20000,0.0,263,1937.7777777777778
1532020,1,1,1,1,0,2,7,20000,0.0,354,2951.1111111111113
1532021,1,1,1,1,0,2,7,20000,0.0,364,2933.3333333333335
1532022,1,1,1,1,0,2,7,20000,10800.0,0,2915.5555555555557
1532023,1,1,1,1,0,2,7,20000,10800.0,79,1937.7777777777778
1532024,1,1,1,1,0,2,7,20000,10800.0,171,1937.7777777777778
1532025,1,1,1,1,0,2,7,20000,10800.0,263,2915.5555555555557
1532026,1,1,1,1,0,2,7,20000,10800.0,354,2880.0
1532027,1,1,1,1,0,2,7,20000,10800.0,364,1937.7777777777778
1532028,1,1,1,1,0,2,7,20000,21600.0,0,2880.0
1532029,1,1,1,1,0,2,7,20000,21600.0,79,2951.1111111111113
1532030,1,1,1,1,0,2,7,20000,21600.0,171,1937.7777777777778
1532031,1,1,1,1,0,2,7,20000,21600.0,263,1937.7777777777778
1532032,1,1,1,1,0,2,7,20000,21600.0,354,1937.7777777777778
1532033,1,1,1,1,0,2,7,20000,21600.0,364,1937.7777777777778
1532034,1,1,1,1,0,2,7,20000,25200.0,0,1937.7777777777778
1532035,1,1,1,1,0,2,7,20000,25200.0,79,2755.5555555555557
1532036,1,1,1,1,0,2,7,20000,25200.0,171,2897.777777777778
1532037,1,1,1,1,0,2,7,20000,25200.0,263,1937.7777777777778
1532038,1,1,1,1,0,2,7,20000,25200.0,354,1937.7777777777778
1532039,1,1,1,1,0,2,7,20000,25200.0,364,1937.7777777777778
1532040,1,1,1,1,0,2,7,20000,27000.0,0,2897.777777777778
1532041,1,1,1,1,0,2,7,20000,27000.0,79,1937.7777777777778
1532042,1,1,1,1,0,2,7,20000,27000.0,171,2915.5555555555557
1532043,1,1,1,1,0,2,7,20000,27000.0,263,1937.7777777777778
1532044,1,1,1,1,0,2,7,20000,27000.0,354,2844.4444444444443
1532045,1,1,1,1,0,2,7,20000,27000.0,364,2951.1111111111113
1532046,1,1,1,1,0,2,7,20000,39600.0,0,1937.7777777777778
1532047,1,1,1,1,0,2,7,20000,39600.0,79,2844.4444444444443
1532048,1,1,1,1,0,2,7,20000,39600.0,171,1937.7777777777778
1532049,1,1,1,1,0,2,7,20000,39600.0,263,1937.7777777777778
1532050,1,1,1,1,0,2,7,20000,39600.0,354,2862.222222222222
1532051,1,1,1,1,0,2,7,20000,39600.0,364,1937.7777777777778
1532052,1,1,1,1,0,2,7,20000,46800.0,0,1937.7777777777778
1532053,1,1,1,1,0,2,7,20000,46800.0,79,2951.1111111111113
1532054,1,1,1,1,0,2,7,20000,46800.0,171,1937.7777777777778
1532055,1,1,1,1,0,2,7,20000,46800.0,263,1937.7777777777778
1532056,1,1,1,1,0,2,7,20000,46800.0,354,1937.7777777777778
1532057,1,1,1,1,0,2,7,20000,46800.0,364,2951.1111111111113
1532058,1,1,1,1,0,2,7,20000,57600.0,0,1937.7777777777778
1532059,1,1,1,1,0,2,7,20000,57600.0,79,1937.7777777777778
1532060,1,1,1,1,0,2,7,20000,57600.0,171,2631.1111111111113
1532061,1,1,1,1,0,2,7,20000,57600.0,263,2951.1111111111113
1532062,1,1,1,1,0,2,7,20000,57600.0,354,2915.5555555555557
1532063,1,1,1,1,0,2,7,20000,57600.0,364,1937.7777777777778
1532064,1,1,1,1,0,2,7,20000,61200.0,0,1937.7777777777778
1532065,1,1,1,1,0,2,7,20000,61200.0,79,1937.7777777777778
1532066,1,1,1,1,0,2,7,20000,61200.0,171,1937.7777777777778
1532067,1,1,1,1,0,2,7,20000,61200.0,263,1937.7777777777778
1532068,1,1,1,1,0,2,7,20000,61200.0,354,2933.3333333333335
1532069,1,1,1,1,0,2,7,20000,61200.0,364,2951.1111111111113
1532070,1,1,1,1,0,2,7,20000,63000.0,0,1937.7777777777778
1532071,1,1,1,1,0,2,7,20000,63000.0,79,1937.7777777777778
1532072,1,1,1,1,0,2,7,20000,63000.0,171,1937.7777777777778
1532073,1,1,1,1,0,2,7,20000,63000.0,263,2897.777777777778
1532074,1,1,1,1,0,2,7,20000,63000.0,354,1937.7777777777778
1532075,1,1,1,1,0,2,7,20000,63000.0,364,1937.7777777777778
1532076,1,1,1,1,0,2,7,20000,75600.0,0,1937.7777777777778
1532077,1,1,1,1,0,2,7,20000,75600.0,79,2933.3333333333335
1532078,1,1,1,1,0,2,7,20000,75600.0,171,1937.7777777777778
1532079,1,1,1,1,0,2,7,20000,75600.0,263,2773.3333333333335
1532080,1,1,1,1,0,2,7,20000,75600.0,354,1937.7777777777778
1532081,1,1,1,1,0,2,7,20000,75600.0,364,2915.5555555555557
1532082,1,1,1,1,0,2,7,20000,86399.0,0,1937.7777777777778
1532083,1,1,1,1,0,2,7,20000,86399.0,79,2951.1111111111113
1532084,1,1,1,1,0,2,7,20000,86399.0,171,1937.7777777777778
1532085,1,1,1,1,0,2,7,20000,86399.0,263,1937.7777777777778
1532086,1,1,1,1,0,2,7,20000,86399.0,354,1937.7777777777778
1532087,1,1,1,1,0,2,7,20000,86399.0,364,2933.3333333333335
1532088,1,1,1,1,0,2,9,10000,0.0,0,2675.5555555555557
1532089,1,1,1,1,0,2,9,10000,0.0,79,3697.777777777778
1532090,1,1,1,1,0,2,9,10000,0.0,171,2675.5555555555557
1532091,1,1,1,1,0,2,9,10000,0.0,263,3706.6666666666665
1532092,1,1,1,1,0,2,9,10000,0.0,354,2675.5555555555557
1532093,1,1,1,1,0,2,9,10000,0.0,364,3697.777777777778
1532094,1,1,1,1,0,2,9,10000,10800.0,0,2675.5555555555557
1532095,1,1,1,1,0,2,9,10000,10800.0,79,2675.5555555555557
1532096,1,1,1,1,0,2,9,10000,10800.0,171,2675.5555555555557
1532097,1,1,1,1,0,2,9,10000,10800.0,263,3706.6666666666665
1532098,1,1,1,1,0,2,9,10000,10800.0,354,2675.5555555555557
1532099,1,1,1,1,0,2,9,10000,10800.0,364,2675.5555555555557
1532100,1,1,1,1,0,2,9,10000,21600.0,0,2675.5555555555557
1532101,1,1,1,1,0,2,9,10000,21600.0,79,3288.8888888888887
1532102,1,1,1,1,0,2,9,10000,21600.0,171,3697.777777777778
1532103,1,1,1,1,0,2,9,10000,21600.0,263,3697.777777777778
1532104,1,1,1,1,0,2,9,10000,21600.0,354,2675.5555555555557
1532105,1,1,1,1,0,2,9,10000,21600.0,364,3697.777777777778
1532106,1,1,1,1,0,2,9,10000,25200.0,0,2675.5555555555557
1532107,1,1,1,1,0,2,9,10000,25200.0,79,3706.6666666666665
1532108,1,1,1,1,0,2,9,10000,25200.0,171,2675.5555555555557
1532109,1,1,1,1,0,2,9,10000,25200.0,263,3697.777777777778
1532110,1,1,1,1,0,2,9,10000,25200.0,354,2675.5555555555557
1532111,1,1,1,1,0,2,9,10000,25200.0,364,3697.777777777778
1532112,1,1,1,1,0,2,9,10000,27000.0,0,2675.5555555555557
1532113,1,1,1,1,0,2,9,10000,27000.0,79,2675.5555555555557
1532114,1,1,1,1,0,2,9,10000,27000.0,171,3644.4444444444443
1532115,1,1,1,1,0,2,9,10000,27000.0,263,2995.5555555555557
1532116,1,1,1,1,0,2,9,10000,27000.0,354,3697.777777777778
1532117,1,1,1,1,0,2,9,10000,27000.0,364,3697.777777777778
1532118,1,1,1,1,0,2,9,10000,39600.0,0,2675.5555555555557
1532119,1,1,1,1,0,2,9,10000,39600.0,79,2675.5555555555557
1532120,1,1,1,1,0,2,9,10000,39600.0,171,2675.5555555555557
1532121,1,1,1,1,0,2,9,10000,39600.0,263,2675.5555555555557
1532122,1,1,1,1,0,2,9,10000,39600.0,354,3697.777777777778
1532123,1,1,1,1,0,2,9,10000,39600.0,364,2675.5555555555557
1532124,1,1,1,1,0,2,9,10000,46800.0,0,2675.5555555555557
1532125,1,1,1,1,0,2,9,10000,46800.0,79,3697.777777777778
1532126,1,1,1,1,0,2,9,10000,46800.0,171,2675.5555555555557
1532127,1,1,1,1,0,2,9,10000,46800.0,263,2675.5555555555557
1532128,1,1,1,1,0,2,9,10000,46800.0,354,2675.5555555555557
1532129,1,1,1,1,0,2,9,10000,46800.0,364,3706.6666666666665
1532130,1,1,1,1,0,2,9,10000,57600.0,0,3697.777777777778
1532131,1,1,1,1,0,2,9,10000,57600.0,79,2675.5555555555557
1532132,1,1,1,1,0,2,9,10000,57600.0,171,2675.5555555555557
1532133,1,1,1,1,0,2,9,10000,57600.0,263,2675.5555555555557
1532134,1,1,1,1,0,2,9,10000,57600.0,354,2675.5555555555557
1532135,1,1,1,1,0,2,9,10000,57600.0,364,2675.5555555555557
1532136,1,1,1,1,0,2,9,10000,61200.0,0,2675.5555555555557
1532137,1,1,1,1,0,2,9,10000,61200.0,79,2675.5555555555557
1532138,1,1,1,1,0,2,9,10000,61200.0,171,2675.5555555555557
1532139,1,1,1,1,0,2,9,10000,61200.0,263,2675.5555555555557
1532140,1,1,1,1,0,2,9,10000,61200.0,354,3697.777777777778
1532141,1,1,1,1,0,2,9,10000,61200.0,364,2675.5555555555557
1532142,1,1,1,1,0,2,9,10000,63000.0,0,2675.5555555555557
1532143,1,1,1,1,0,2,9,10000,63000.0,79,3697.777777777778
1532144,1,1,1,1,0,2,9,10000,63000.0,171,2675.5555555555557
1532145,1,1,1,1,0,2,9,10000,63000.0,263,2675.5555555555557
1532146,1,1,1,1,0,2,9,10000,63000.0,354,2675.5555555555557
1532147,1,1,1,1,0,2,9,10000,63000.0,364,2675.5555555555557
1532148,1,1,1,1,0,2,9,10000,75600.0,0,2675.5555555555557
1532149,1,1,1,1,0,2,9,10000,75600.0,79,2720.0
1532150,1,1,1,1,0,2,9,10000,75600.0,171,3697.777777777778
1532151,1,1,1,1,0,2,9,10000,75600.0,263,2675.5555555555557
1532152,1,1,1,1,0,2,9,10000,75600.0,354,3075.5555555555557
1532153,1,1,1,1,0,2,9,10000,75600.0,364,3706.6666666666665
1532154,1,1,1,1,0,2,9,10000,86399.0,0,3697.777777777778
1532155,1,1,1,1,0,2,9,10000,86399.0,79,3697.777777777778
1532156,1,1,1,1,0,2,9,10000,86399.0,171,2675.5555555555557
1532157,1,1,1,1,0,2,9,10000,86399.0,263,2675.5555555555557
1532158,1,1,1,1,0,2,9,10000,86399.0,354,3680.0
1532159,1,1,1,1,0,2,9,10000,86399.0,364,2675.5555555555557
1532160,1,1,1,1,0,2,9,15000,0.0,0,2413.3333333333335
1532161,1,1,1,1,0,2,9,15000,0.0,79,3093.3333333333335
1532162,1,1,1,1,0,2,9,15000,0.0,171,2413.3333333333335
1532163,1,1,1,1,0,2,9,15000,0.0,263,2413.3333333333335
1532164,1,1,1,1,0,2,9,15000,0.0,354,2413.3333333333335
1532165,1,1,1,1,0,2,9,15000,0.0,364,3000.0
1532166,1,1,1,1,0,2,9,15000,10800.0,0,3066.6666666666665
1532167,1,1,1,1,0,2,9,15000,10800.0,79,3066.6666666666665
1532168,1,1,1,1,0,2,9,15000,10800.0,171,3106.6666666666665
1532169,1,1,1,1,0,2,9,15000,10800.0,263,2413.3333333333335
1532170,1,1,1,1,0,2,9,15000,10800.0,354,3040.0
1532171,1,1,1,1,0,2,9,15000,10800.0,364,3093.3333333333335
1532172,1,1,1,1,0,2,9,15000,21600.0,0,2413.3333333333335
1532173,1,1,1,1,0,2,9,15000,21600.0,79,2413.3333333333335
1532174,1,1,1,1,0,2,9,15000,21600.0,171,2880.0
1532175,1,1,1,1,0,2,9,15000,21600.0,263,2946.6666666666665
1532176,1,1,1,1,0,2,9,15000,21600.0,354,2413.3333333333335
1532177,1,1,1,1,0,2,9,15000,21600.0,364,3093.3333333333335
1532178,1,1,1,1,0,2,9,15000,25200.0,0,2413.3333333333335
1532179,1,1,1,1,0,2,9,15000,25200.0,79,2413.3333333333335
1532180,1,1,1,1,0,2,9,15000,25200.0,171,2920.0
1532181,1,1,1,1,0,2,9,15000,25200.0,263,2413.3333333333335
1532182,1,1,1,1,0,2,9,15000,25200.0,354,2413.3333333333335
1532183,1,1,1,1,0,2,9,15000,25200.0,364,2920.0
1532184,1,1,1,1,0,2,9,15000,27000.0,0,2413.3333333333335
1532185,1,1,1,1,0,2,9,15000,27000.0,79,2413.3333333333335
1532186,1,1,1,1,0,2,9,15000,27000.0,171,2413.3333333333335
1532187,1,1,1,1,0,2,9,15000,27000.0,263,2413.3333333333335
1532188,1,1,1,1,0,2,9,15000,27000.0,354,2413.3333333333335
1532189,1,1,1,1,0,2,9,15000,27000.0,364,2973.3333333333335
1532190,1,1,1,1,0,2,9,15000,39600.0,0,2413.3333333333335
1532191,1,1,1,1,0,2,9,15000,39600.0,79,2413.3333333333335
1532192,1,1,1,1,0,2,9,15000,39600.0,171,2413.3333333333335
1532193,1,1,1,1,0,2,9,15000,39600.0,263,3133.3333333333335
1532194,1,1,1,1,0,2,9,15000,39600.0,354,2413.3333333333335
1532195,1,1,1,1,0,2,9,15000,39600.0,364,2986.6666666666665
1532196,1,1,1,1,0,2,9,15000,46800.0,0,2413.3333333333335
1532197,1,1,1,1,0,2,9,15000,46800.0,79,2800.0
1532198,1,1,1,1,0,2,9,15000,46800.0,171,3040.0
1532199,1,1,1,1,0,2,9,15000,46800.0,263,2413.3333333333335
1532200,1,1,1,1,0,2,9,15000,46800.0,354,2413.3333333333335
1532201,1,1,1,1,0,2,9,15000,46800.0,364,2413.3333333333335
1532202,1,1,1,1,0,2,9,15000,57600.0,0,2413.3333333333335
1532203,1,1,1,1,0,2,9,15000,57600.0,79,2413.3333333333335
1532204,1,1,1,1,0,2,9,15000,57600.0,171,2413.3333333333335
1532205,1,1,1,1,0,2,9,15000,57600.0,263,2506.6666666666665
1532206,1,1,1,1,0,2,9,15000,57600.0,354,3080.0
1532207,1,1,1,1,0,2,9,15000,57600.0,364,2893.3333333333335
1532208,1,1,1,1,0,2,9,15000,61200.0,0,3080.0
1532209,1,1,1,1,0,2,9,15000,61200.0,79,3053.3333333333335
1532210,1,1,1,1,0,2,9,15000,61200.0,171,2413.3333333333335
1532211,1,1,1,1,0,2,9,15000,61200.0,263,2413.3333333333335
1532212,1,1,1,1,0,2,9,15000,61200.0,354,2413.3333333333335
1532213,1,1,1,1,0,2,9,15000,61200.0,364,2800.0
1532214,1,1,1,1,0,2,9,15000,63000.0,0,2413.3333333333335
1532215,1,1,1,1,0,2,9,15000,63000.0,79,3066.6666666666665
1532216,1,1,1,1,0,2,9,15000,63000.0,171,2413.3333333333335
1532217,1,1,1,1,0,2,9,15000,63000.0,263,2413.3333333333335
1532218,1,1,1,1,0,2,9,15000,63000.0,354,3053.3333333333335
1532219,1,1,1,1,0,2,9,15000,63000.0,364,3053.3333333333335
1532220,1,1,1,1,0,2,9,15000,75600.0,0,3040.0
1532221,1,1,1,1,0,2,9,15000,75600.0,79,3066.6666666666665
1532222,1,1,1,1,0,2,9,15000,75600.0,171,2773.3333333333335
1532223,1,1,1,1,0,2,9,15000,75600.0,263,3053.3333333333335
1532224,1,1,1,1,0,2,9,15000,75600.0,354,2413.3333333333335
1532225,1,1,1,1,0,2,9,15000,75600.0,364,2413.3333333333335
1532226,1,1,1,1,0,2,9,15000,86399.0,0,2413.3333333333335
1532227,1,1,1,1,0,2,9,15000,86399.0,79,2413.3333333333335
1532228,1,1,1,1,0,2,9,15000,86399.0,171,3066.6666666666665
1532229,1,1,1,1,0,2,9,15000,86399.0,263,3066.6666666666665
1532230,1,1,1,1,0,2,9,15000,86399.0,354,2413.3333333333335
1532231,1,1,1,1,0,2,9,15000,86399.0,364,2413.3333333333335
1532232,1,1,1,1,0,2,9,20000,0.0,0,3022.222222222222
1532233,1,1,1,1,0,2,9,20000,0.0,79,2702.222222222222
1532234,1,1,1,1,0,2,9,20000,0.0,171,3111.1111111111113
1532235,1,1,1,1,0,2,9,20000,0.0,263,2702.222222222222
1532236,1,1,1,1,0,2,9,20000,0.0,354,3146.6666666666665
1532237,1,1,1,1,0,2,9,20000,0.0,364,3111.1111111111113
1532238,1,1,1,1,0,2,9,20000,10800.0,0,3022.222222222222
1532239,1,1,1,1,0,2,9,20000,10800.0,79,3022.222222222222
1532240,1,1,1,1,0,2,9,20000,10800.0,171,3075.5555555555557
1532241,1,1,1,1,0,2,9,20000,10800.0,263,2702.222222222222
1532242,1,1,1,1,0,2,9,20000,10800.0,354,2702.222222222222
1532243,1,1,1,1,0,2,9,20000,10800.0,364,2702.222222222222
1532244,1,1,1,1,0,2,9,20000,21600.0,0,2702.222222222222
1532245,1,1,1,1,0,2,9,20000,21600.0,79,2702.222222222222
1532246,1,1,1,1,0,2,9,20000,21600.0,171,3075.5555555555557
1532247,1,1,1,1,0,2,9,20000,21600.0,263,2826.6666666666665
1532248,1,1,1,1,0,2,9,20000,21600.0,354,2702.222222222222
1532249,1,1,1,1,0,2,9,20000,21600.0,364,2702.222222222222
1532250,1,1,1,1,0,2,9,20000,25200.0,0,3075.5555555555557
1532251,1,1,1,1,0,2,9,20000,25200.0,79,2702.222222222222
1532252,1,1,1,1,0,2,9,20000,25200.0,171,2702.222222222222
1532253,1,1,1,1,0,2,9,20000,25200.0,263,2702.222222222222
1532254,1,1,1,1,0,2,9,20000,25200.0,354,2702.222222222222
1532255,1,1,1,1,0,2,9,20000,25200.0,364,2702.222222222222
1532256,1,1,1,1,0,2,9,20000,27000.0,0,2897.777777777778
1532257,1,1,1,1,0,2,9,20000,27000.0,79,3075.5555555555557
1532258,1,1,1,1,0,2,9,20000,27000.0,171,3004.4444444444443
1532259,1,1,1,1,0,2,9,20000,27000.0,263,2720.0
1532260,1,1,1,1,0,2,9,20000,27000.0,354,2702.222222222222
1532261,1,1,1,1,0,2,9,20000,27000.0,364,2702.222222222222
1532262,1,1,1,1,0,2,9,20000,39600.0,0,3111.1111111111113
1532263,1,1,1,1,0,2,9,20000,39600.0,79,3093.3333333333335
1532264,1,1,1,1,0,2,9,20000,39600.0,171,2702.222222222222
1532265,1,1,1,1,0,2,9,20000,39600.0,263,2702.222222222222
1532266,1,1,1,1,0,2,9,20000,39600.0,354,3093.3333333333335
1532267,1,1,1,1,0,2,9,20000,39600.0,364,3111.1111111111113
1532268,1,1,1,1,0,2,9,20000,46800.0,0,3128.8888888888887
1532269,1,1,1,1,0,2,9,20000,46800.0,79,2702.222222222222
1532270,1,1,1,1,0,2,9,20000,46800.0,171,3093.3333333333335
1532271,1,1,1,1,0,2,9,20000,46800.0,263,2702.222222222222
1532272,1,1,1,1,0,2,9,20000,46800.0,354,3093.3333333333335
1532273,1,1,1,1,0,2,9,20000,46800.0,364,3075.5555555555557
1532274,1,1,1,1,0,2,9,20000,57600.0,0,2702.222222222222
1532275,1,1,1,1,0,2,9,20000,57600.0,79,3128.8888888888887
1532276,1,1,1,1,0,2,9,20000,57600.0,171,2755.5555555555557
1532277,1,1,1,1,0,2,9,20000,57600.0,263,2702.222222222222
1532278,1,1,1,1,0,2,9,20000,57600.0,354,2702.222222222222
1532279,1,1,1,1,0,2,9,20000,57600.0,364,2702.222222222222
1532280,1,1,1,1,0,2,9,20000,61200.0,0,2702.222222222222
1532281,1,1,1,1,0,2,9,20000,61200.0,79,2702.222222222222
1532282,1,1,1,1,0,2,9,20000,61200.0,171,2702.222222222222
1532283,1,1,1,1,0,2,9,20000,61200.0,263,2702.222222222222
1532284,1,1,1,1,0,2,9,20000,61200.0,354,3075.5555555555557
1532285,1,1,1,1,0,2,9,20000,61200.0,364,3040.0
1532286,1,1,1,1,0,2,9,20000,63000.0,0,3111.1111111111113
1532287,1,1,1,1,0,2,9,20000,63000.0,79,2702.222222222222
1532288,1,1,1,1,0,2,9,20000,63000.0,171,3075.5555555555557
1532289,1,1,1,1,0,2,9,20000,63000.0,263,3075.5555555555557
1532290,1,1,1,1,0,2,9,20000,63000.0,354,2702.222222222222
1532291,1,1,1,1,0,2,9,20000,63000.0,364,2702.222222222222
1532292,1,1,1,1,0,2,9,20000,75600.0,0,3022.222222222222
1532293,1,1,1,1,0,2,9,20000,75600.0,79,3093.3333333333335
1532294,1,1,1,1,0,2,9,20000,75600.0,171,2702.222222222222
1532295,1,1,1,1,0,2,9,20000,75600.0,263,3040.0
1532296,1,1,1,1,0,2,9,20000,75600.0,354,2968.8888888888887
1532297,1,1,1,1,0,2,9,20000,75600.0,364,3111.1111111111113
1532298,1,1,1,1,0,2,9,20000,86399.0,0,2702.222222222222
1532299,1,1,1,1,0,2,9,20000,86399.0,79,3128.8888888888887
1532300,1,1,1,1,0,2,9,20000,86399.0,171,2702.222222222222
1532301,1,1,1,1,0,2,9,20000,86399.0,263,3075.5555555555557
1532302,1,1,1,1,0,2,9,20000,86399.0,354,2702.222222222222
1532303,1,1,1,1,0,2,9,20000,86399.0,364,2702.222222222222
1532304,1,1,1,1,0,2,11,10000,0.0,0,3715.5555555555557
1532305,1,1,1,1,0,2,11,10000,0.0,79,3715.5555555555557
1532306,1,1,1,1,0,2,11,10000,0.0,171,3111.1111111111113
1532307,1,1,1,1,0,2,11,10000,0.0,263,3715.5555555555557
1532308,1,1,1,1,0,2,11,10000,0.0,354,3111.1111111111113
1532309,1,1,1,1,0,2,11,10000,0.0,364,3724.4444444444443
1532310,1,1,1,1,0,2,11,10000,10800.0,0,3111.1111111111113
1532311,1,1,1,1,0,2,11,10000,10800.0,79,3111.1111111111113
1532312,1,1,1,1,0,2,11,10000,10800.0,171,3715.5555555555557
1532313,1,1,1,1,0,2,11,10000,10800.0,263,3111.1111111111113
1532314,1,1,1,1,0,2,11,10000,10800.0,354,3111.1111111111113
1532315,1,1,1,1,0,2,11,10000,10800.0,364,3111.1111111111113
1532316,1,1,1,1,0,2,11,10000,21600.0,0,3724.4444444444443
1532317,1,1,1,1,0,2,11,10000,21600.0,79,3697.777777777778
1532318,1,1,1,1,0,2,11,10000,21600.0,171,3724.4444444444443
1532319,1,1,1,1,0,2,11,10000,21600.0,263,3724.4444444444443
1532320,1,1,1,1,0,2,11,10000,21600.0,354,3111.1111111111113
1532321,1,1,1,1,0,2,11,10000,21600.0,364,3111.1111111111113
1532322,1,1,1,1,0,2,11,10000,25200.0,0,3724.4444444444443
1532323,1,1,1,1,0,2,11,10000,25200.0,79,3715.5555555555557
1532324,1,1,1,1,0,2,11,10000,25200.0,171,3724.4444444444443
1532325,1,1,1,1,0,2,11,10000,25200.0,263,3111.1111111111113
1532326,1,1,1,1,0,2,11,10000,25200.0,354,3111.1111111111113
1532327,1,1,1,1,0,2,11,10000,25200.0,364,3715.5555555555557
1532328,1,1,1,1,0,2,11,10000,27000.0,0,3706.6666666666665
1532329,1,1,1,1,0,2,11,10000,27000.0,79,3715.5555555555557
1532330,1,1,1,1,0,2,11,10000,27000.0,171,3111.1111111111113
1532331,1,1,1,1,0,2,11,10000,27000.0,263,3715.5555555555557
1532332,1,1,1,1,0,2,11,10000,27000.0,354,3111.1111111111113
1532333,1,1,1,1,0,2,11,10000,27000.0,364,3715.5555555555557
1532334,1,1,1,1,0,2,11,10000,39600.0,0,3111.1111111111113
1532335,1,1,1,1,0,2,11,10000,39600.0,79,3715.5555555555557
1532336,1,1,1,1,0,2,11,10000,39600.0,171,3111.1111111111113
1532337,1,1,1,1,0,2,11,10000,39600.0,263,3111.1111111111113
1532338,1,1,1,1,0,2,11,10000,39600.0,354,3111.1111111111113
1532339,1,1,1,1,0,2,11,10000,39600.0,364,3706.6666666666665
1532340,1,1,1,1,0,2,11,10000,46800.0,0,3111.1111111111113
1532341,1,1,1,1,0,2,11,10000,46800.0,79,3351.1111111111113
1532342,1,1,1,1,0,2,11,10000,46800.0,171,3111.1111111111113
1532343,1,1,1,1,0,2,11,10000,46800.0,263,3111.1111111111113
1532344,1,1,1,1,0,2,11,10000,46800.0,354,3111.1111111111113
1532345,1,1,1,1,0,2,11,10000,46800.0,364,3715.5555555555557
1532346,1,1,1,1,0,2,11,10000,57600.0,0,3111.1111111111113
1532347,1,1,1,1,0,2,11,10000,57600.0,79,3715.5555555555557
1532348,1,1,1,1,0,2,11,10000,57600.0,171,3111.1111111111113
1532349,1,1,1,1,0,2,11,10000,57600.0,263,3715.5555555555557
1532350,1,1,1,1,0,2,11,10000,57600.0,354,3111.1111111111113
1532351,1,1,1,1,0,2,11,10000,57600.0,364,3111.1111111111113
1532352,1,1,1,1,0,2,11,10000,61200.0,0,3111.1111111111113
1532353,1,1,1,1,0,2,11,10000,61200.0,79,3111.1111111111113
1532354,1,1,1,1,0,2,11,10000,61200.0,171,3111.1111111111113
1532355,1,1,1,1,0,2,11,10000,61200.0,263,3111.1111111111113
1532356,1,1,1,1,0,2,11,10000,61200.0,354,3111.1111111111113
1532357,1,1,1,1,0,2,11,10000,61200.0,364,3715.5555555555557
1532358,1,1,1,1,0,2,11,10000,63000.0,0,3111.1111111111113
1532359,1,1,1,1,0,2,11,10000,63000.0,79,3111.1111111111113
1532360,1,1,1,1,0,2,11,10000,63000.0,171,3715.5555555555557
1532361,1,1,1,1,0,2,11,10000,63000.0,263,3111.1111111111113
1532362,1,1,1,1,0,2,11,10000,63000.0,354,3111.1111111111113
1532363,1,1,1,1,0,2,11,10000,63000.0,364,3111.1111111111113
1532364,1,1,1,1,0,2,11,10000,75600.0,0,3724.4444444444443
1532365,1,1,1,1,0,2,11,10000,75600.0,79,3724.4444444444443
1532366,1,1,1,1,0,2,11,10000,75600.0,171,3111.1111111111113
1532367,1,1,1,1,0,2,11,10000,75600.0,263,3715.5555555555557
1532368,1,1,1,1,0,2,11,10000,75600.0,354,3111.1111111111113
1532369,1,1,1,1,0,2,11,10000,75600.0,364,3724.4444444444443
1532370,1,1,1,1,0,2,11,10000,86399.0,0,3111.1111111111113
1532371,1,1,1,1,0,2,11,10000,86399.0,79,3715.5555555555557
1532372,1,1,1,1,0,2,11,10000,86399.0,171,3111.1111111111113
1532373,1,1,1,1,0,2,11,10000,86399.0,263,3111.1111111111113
1532374,1,1,1,1,0,2,11,10000,86399.0,354,3111.1111111111113
1532375,1,1,1,1,0,2,11,10000,86399.0,364,3662.222222222222
1532376,1,1,1,1,0,2,11,15000,0.0,0,3373.3333333333335
1532377,1,1,1,1,0,2,11,15000,0.0,79,2626.6666666666665
1532378,1,1,1,1,0,2,11,15000,0.0,171,3386.6666666666665
1532379,1,1,1,1,0,2,11,15000,0.0,263,3200.0
1532380,1,1,1,1,0,2,11,15000,0.0,354,2626.6666666666665
1532381,1,1,1,1,0,2,11,15000,0.0,364,3386.6666666666665
1532382,1,1,1,1,0,2,11,15000,10800.0,0,2626.6666666666665
1532383,1,1,1,1,0,2,11,15000,10800.0,79,3293.3333333333335
1532384,1,1,1,1,0,2,11,15000,10800.0,171,2626.6666666666665
1532385,1,1,1,1,0,2,11,15000,10800.0,263,2626.6666666666665
1532386,1,1,1,1,0,2,11,15000,10800.0,354,2626.6666666666665
1532387,1,1,1,1,0,2,11,15000,10800.0,364,2626.6666666666665
1532388,1,1,1,1,0,2,11,15000,21600.0,0,3306.6666666666665
1532389,1,1,1,1,0,2,11,15000,21600.0,79,2626.6666666666665
1532390,1,1,1,1,0,2,11,15000,21600.0,171,3400.0
1532391,1,1,1,1,0,2,11,15000,21600.0,263,2626.6666666666665
1532392,1,1,1,1,0,2,11,15000,21600.0,354,3333.3333333333335
1532393,1,1,1,1,0,2,11,15000,21600.0,364,2626.6666666666665
1532394,1,1,1,1,0,2,11,15000,25200.0,0,2626.6666666666665
1532395,1,1,1,1,0,2,11,15000,25200.0,79,2626.6666666666665
1532396,1,1,1,1,0,2,11,15000,25200.0,171,3186.6666666666665
1532397,1,1,1,1,0,2,11,15000,25200.0,263,2626.6666666666665
1532398,1,1,1,1,0,2,11,15000,25200.0,354,2626.6666666666665
1532399,1,1,1,1,0,2,11,15000,25200.0,364,2533.3333333333335
1532400,1,1,1,1,0,2,11,15000,27000.0,0,3306.6666666666665
1532401,1,1,1,1,0,2,11,15000,27000.0,79,2626.6666666666665
1532402,1,1,1,1,0,2,11,15000,27000.0,171,3346.6666666666665
1532403,1,1,1,1,0,2,11,15000,27000.0,263,3400.0
1532404,1,1,1,1,0,2,11,15000,27000.0,354,3333.3333333333335
1532405,1,1,1,1,0,2,11,15000,27000.0,364,2626.6666666666665
1532406,1,1,1,1,0,2,11,15000,39600.0,0,3360.0
1532407,1,1,1,1,0,2,11,15000,39600.0,79,2626.6666666666665
1532408,1,1,1,1,0,2,11,15000,39600.0,171,3306.6666666666665
1532409,1,1,1,1,0,2,11,15000,39600.0,263,2626.6666666666665
1532410,1,1,1,1,0,2,11,15000,39600.0,354,2626.6666666666665
1532411,1,1,1,1,0,2,11,15000,39600.0,364,3306.6666666666665
1532412,1,1,1,1,0,2,11,15000,46800.0,0,2626.6666666666665
1532413,1,1,1,1,0,2,11,15000,46800.0,79,3320.0
1532414,1,1,1,1,0,2,11,15000,46800.0,171,3253.3333333333335
1532415,1,1,1,1,0,2,11,15000,46800.0,263,2626.6666666666665
1532416,1,1,1,1,0,2,11,15000,46800.0,354,3400.0
1532417,1,1,1,1,0,2,11,15000,46800.0,364,3173.3333333333335
1532418,1,1,1,1,0,2,11,15000,57600.0,0,2626.6666666666665
1532419,1,1,1,1,0,2,11,15000,57600.0,79,2866.6666666666665
1532420,1,1,1,1,0,2,11,15000,57600.0,171,3306.6666666666665
1532421,1,1,1,1,0,2,11,15000,57600.0,263,2626.6666666666665
1532422,1,1,1,1,0,2,11,15000,57600.0,354,2626.6666666666665
1532423,1,1,1,1,0,2,11,15000,57600.0,364,2626.6666666666665
1532424,1,1,1,1,0,2,11,15000,61200.0,0,3013.3333333333335
1532425,1,1,1,1,0,2,11,15000,61200.0,79,3280.0
1532426,1,1,1,1,0,2,11,15000,61200.0,171,2626.6666666666665
1532427,1,1,1,1,0,2,11,15000,61200.0,263,3333.3333333333335
1532428,1,1,1,1,0,2,11,15000,61200.0,354,3200.0
1532429,1,1,1,1,0,2,11,15000,61200.0,364,2626.6666666666665
1532430,1,1,1,1,0,2,11,15000,63000.0,0,2626.6666666666665
